:100000000C949B1F0C94CC1F0C94CC1F0C94CC1FF5
:100010000C94CC1F0C94CC1F0C94CC1F0C94CC1FB4
:100020000C94CC1F0C9407380C9407380C940738A8
:100030000C94CC1F0C94CC1F0C94A7390C94CC1F9F
:100040000C94CC1F0C94D9370C94CC1F0C94CC1F5F
:100050000C94CC1F0C94CC1F0C94CC1F0C94A53684
:100060000C94CC1F0C9419370C94EF360C94CC1FC5
:100070000C94CC1F0C94CC1F0C94CC1F0C94CC1F54
:100080000C94AB370C94CC1F0C94CC1F0C94CC1F4D
:100090000C94CC1F0C94CC1F0C94CC1F0C94833864
:1000A0000C94CC1F0C94CC1F0C947D370C94CC1F5B
:1000B0000C94CC1F0C94CC1F0C94CC1F0C944F3779
:1000C0000C94CC1F0C94CC1F0C94CC1F0C94CC1F04
:1000D0000C94CC1F0C94CC1F0C94CC1F0C94CC1FF4
:1000E0000C94CC1F084AD73B3BCE016E84BCBFFDAD
:1000F000C12F3D6C74319ABD56833DDA3D00C77FF8
:1001000011BED9E4BB4C3E916BAAAABE0000008090
:100110003F000C94DF200C943E2F0C943F2C0C9449
:1001200050220C9414270C9423220C94CB2A0C9468
:1001300060270C94DB200C94AF240C943A260C948A
:1001400046220C942F2F0C94C7260C940C300C9440
:10015000172C0C94512F0C9422260C94DE2B0C940B
:10016000C4300C94CA210C94EB210C94E3200C9421
:10017000DD260C94C4200C94ED200C94272C0C94B8
:10018000852F0C949A290C942E200C94FD210C940C
:1001900064220C94D7210C9419240C9492320C9460
:1001A000D81F0C94582F0C946C2A0C9432220C9467
:1001B000A52B0C94F7200C94D5200C94D2210C94F0
:1001C0005F270C94332C0C94DE2F0C94602B0C9432
:1001D0000F220C9469240C94C8200C9455240C9480
:1001E000F22C0C94B4400C945A220C9419220C94C6
:1001F000432B0C94A2550C94F5210C9417250C94C8
:10020000462C0C9477240C94F1200C9405220C9429
:1002100046240C94A7310C94E9200C94C0200C9433
:10022000F6200C94FB200C94BC200C9443300C94CE
:10023000B6200C943C220C94D1200C94E1210C9417
:10024000D91F0C94CB20000000000000000000002B
:10025000000000000000F8041404041404F8070867
:10026000090B0B090807F8FC6C7C7C6CFCF8070F89
:100270000F0C0C0F0F0700F0F8F8F0F8F8F0000082
:100280000103070301000040E0F0F8F0E040000047
:10029000000103010000E0E0F81C1CF8E0E00000B1
:1002A00004070704000060F0F8FCFCF8F0600000B0
:1002B000040707040000000060F0F0600000000088
:1002C00000000000000000FF1F0F0F0F1FFF00FFC6
:1002D000FFFEFEFEFFFF0000E0101010E000000037
:1002E00000010101000000FF1FEFEFEF1FFF00FF03
:1002F000FFFEFEFEFFFF000090487C4890000003D8
:10030000040808080403003048848484483000024C
:1003100002020F020202000000FC04087000000646
:100320000F0700000000000000FC141414FC000C77
:100330001E0F00060F075050E0BCBCE050500101FA
:100340000007070001010000FCF8F0E04000000099
:10035000070301000000000040E0F0F8FC0000008E
:10036000000001030700001018FCFC181000000139
:100370000307070301000000FCFC0000FCFC000078
:10038000040400000404387C44FCFC04FCFC000071
:1003900000070700070700C4EE3A1232E6C400085F
:1003A000191312171D080000000000000000000EC5
:1003B0000E0E0E0E0E00001018FCFC18100008099E
:1003C0000B0F0F0B0908001018FCFC1810000000A0
:1003D000000707000000000000FCFC000000000116
:1003E0000307070301000040404050F0E0400000D8
:1003F0000000010100000040E0F0504040400000DB
:10040000000101000000F8000000000000000302ED
:1004100002020202020240E050404050E040000070
:10042000010000010000000000C0F0C00000000456
:10043000070707070704001070F0F0F070100000C5
:1004400000010701000000000000000000000000A3
:10045000000000000000000038FCFC380000000034
:10046000000D0D000000000E1E00001E0E0000001A
:1004700000000000000020F8F820F8F82000020F2B
:100480000F020F0F0200387C444747CC9800060C3F
:100490000838380F070030300080C06030000C068C
:1004A0000301000C0C0080D87CE4BCD84000070F8E
:1004B0000808070F080000101E0E000000000000D2
:1004C0000000000000000000F0F80C040000000034
:1004D00003070C0800000000040CF8F00000000006
:1004E000080C0703000080A0E0C0C0E0A08000026C
:1004F000030101030200008080E0E0808000000032
:1005000000030300000000000000000000000000E5
:10051000101E0E000000808080808080800000001F
:1005200000000000000000000000000000000000CB
:10053000000C0C00000000000080C06030000C06C1
:10054000030100000000F0F80CC40CF8F0000307F1
:100550000C080C070300001018FCFC000000000849
:10056000080F0F080800080C84C4643C18000E0F24
:100570000908080C0C00080C444444FCB800040CA6
:100580000808080F0700C0E0B098FCFC80000000DD
:1005900000080F0F08007C7C444444C48400040C11
:1005A0000808080F0700F0F84C4444C08000070F0B
:1005B0000808080F07000C0C0484C47C3C000000F1
:1005C0000F0F00000000B8FC444444FCB800070FC3
:1005D0000808080F0700387C444444FCF800000871
:1005E00008080C0703000000003030000000000085
:1005F000000606000000000000303000000000008F
:10060000080E060000000080C060301808000000DE
:100610000103060C080000202020202020000001FB
:100620000101010101000008183060C080000008CD
:100630000C0603010000181C04C4E43C1800000070
:10064000000D0D000000F0F808C8C8F8F000070F12
:10065000080B0B0B0100E0F0988C98F0E0000F0FF6
:100660000000000F0F0004FCFC4444FCB800080F1D
:100670000F08080F0700F0F80C04040C180003071B
:100680000C08080C060004FCFC040CF8F000080F31
:100690000F080C07030004FCFC44E40C1C00080FCA
:1006A0000F08080C0E0004FCFC44E40C1C00080FAE
:1006B0000F0800000000F0F80C84848C98000307F9
:1006C0000C0808070F00FCFC404040FCFC000F0F2A
:1006D0000000000F0F00000004FCFC0400000000FC
:1006E000080F0F08000000000004FCFC0400070FC6
:1006F00008080F07000004FCFCC0E03C1C00080FC9
:100700000F00010F0E0004FCFC0400000000080FA5
:100710000F08080C0E00FCFC387038FCFC000F0FB2
:100720000000000F0F00FCFC3870E0FCFC000F0F15
:100730000000000F0F00F8FC040404FCF800070F91
:100740000808080F070004FCFC44447C3800080F2C
:100750000F0800000000F8FC040404FCF800070F78
:10076000080E3C3F270004FCFC44C4FC3800080F82
:100770000F00000F0F00183C6444C49C1800060EC4
:100780000808080F0700001C0CFCFC0C1C000000F3
:10079000080F0F080000FCFC000000FCFC00070F25
:1007A0000808080F0700FCFC000000FCFC00010327
:1007B000060C06030100FCFC00C000FCFC00070F57
:1007C0000E030E0F07000C3CF0E0F03C0C000C0F89
:1007D0000301030F0C00003C7CC0C07C3C00000007
:1007E000080F0F0800001C0C84C4643C1C000E0F92
:1007F0000908080C0E000000FCFC040400000000C6
:100800000F0F080800003870E0C0800000000000F2
:10081000000103070E0000000404FCFC00000000BF
:1008200008080F0F0000080C0603060C0800000063
:100830000000000000000000000000000000202078
:1008400020202020202000000307040000000000DA
:1008500000000000000000A0A0A0E0C00000070F02
:100860000808070F080004FCFC2060C08000000F8F
:100870000F08080F0700C0E0202020604000070F8D
:100880000808080C040080C06024FCFC0000070F6E
:100890000808070F0800C0E0A0A0A0E0C000070FF4
:1008A0000808080C040040F8FC440C180000080F6D
:1008B0000F0800000000C0E02020C0E02000276FEB
:1008C00048487F3F000004FCFC4020E0C000080FC7
:1008D0000F00000F0F00000020ECEC0000000000F3
:1008E000080F0F0800000000000020ECEC000030B2
:1008F0007040407F3F0004FCFC80C0602000080F77
:100900000F01030E0C00000004FCFC0000000000BE
:10091000080F0F080000E0E060C060E0C0000F0FAB
:100920000007000F0F0020E0C02020E0C000000FF3
:100930000F00000F0F00C0E0202020E0C000070FD4
:100940000808080F070020E0C02020E0C000407F1A
:100950007F48080F0700C0E02020C0E02000070FFC
:1009600008487F7F400020E0C06020E0C000080F02
:100970000F080000000040E0A02020604000040CB0
:1009800009090B0E04002020F8FC202000000000C4
:10099000070F080C0400E0E00000E0E00000070F93
:1009A0000808070F080000E0E00000E0E000000396
:1009B000070C0C070300E0E0008000E0E000070FF8
:1009C0000C070C0F07002060C080C0602000080CDE
:1009D0000703070C0800E0E0000000E0E000474FDC
:1009E0004848683F1F00606020A0E06020000C0EB7
:1009F0000B09080C0C00004040F8BC040400000087
:100A000000070F080800000000BCBC000000000048
:100A1000000F0F000000000404BCF8404000000874
:100A2000080F0700000080C040C080C040000000E8
:100A300000000000000000000609060000000000A1
:100A400000000000000000000000000000000000A6
:100A50000000000000000000000000000000000096
:100A600000000000000000000082C262321E0E0082
:100A70000000000000000000000000000000000076
:100A800000000000000000004262325E6E321E0E66
:100A90000000000000000000000000000000000056
:100AA000000000000000000000FEFE80808080004A
:100AB0000000000000000000000000000000000036
:100AC000000000000000000000FEFE828282820022
:100AD0000000000000000000000000000000000016
:100AE0000000000000000000FEFE82FEFE82820088
:100AF00000000000000000000000000000000000F6
:100B000000000000000000007A7A4A4A4A4E4E0077
:100B100000000000000000000000000000000000D5
:100B200000000000000000007E7E4242427E7E0007
:100B300000000000000000000000000000000000B5
:100B400000000000000000007E7E4848487E7E00D5
:100B50000000000000000000000000000000000095
:100B600000000000000000007E5E487E5E487E7E41
:100B70000000000000000000000000000000000075
:100B800000000000000000004060301E1E30604089
:100B90000000000000000000000000000000000055
:100BA0000000000000000040603E5E603E1E6040AD
:100BB0000000000000000000000000000000000035
:100BC0000000000000000000003C7E42427E3C002D
:100BD0000000000000000000000000000000000015
:100BE00000000000000000004262321E1E3262421D
:100BF00000000000000000000000000000000000F5
:100C00000000000000000042623E5E623E1E624242
:100C100000000000000000000000000000000000D4
:100C200000000000000000004464341E1E346444D0
:100C300000000000000000000000000000000000B4
:100C40000000000000000000008ACA6A3A1E0E0080
:100C50000000000000000000000000000000000094
:100C600000000000000000007E7E4A4A4A4A400020
:100C70000000000000000000000000000000000074
:100C80000000000000000000427E7E42427E7E4264
:100C90000000000000000000000000000000000054
:100CA0000000000000000000023A7E47477E3A0242
:100CB0000000000000000000000000000000000034
:100CC0000000000000000000000000000000000024
:100CD0000000000000000000000000000000000014
:100CE00000000000000000000002020202020202F6
:100CF000023E3E0000000000000000000000000076
:100D00000000000000000000000202023E3E02025D
:100D1000023E3E0000000000000000000000000055
:100D20000000000000000000003E3E2020202020A7
:100D30002020200000000000000000000000000053
:100D40000000000000000000003E3E22222222227D
:100D5000222222000000000000000000000000002D
:100D60000000000000000000003E3E2222003E3E47
:100D7000222222000000000000000000000000000D
:100D80000000000000000000003A3A2A2A2A2A2A1D
:100D90002A2E2E00000000000000000000000000CD
:100DA000000000000000000000003E3E222222223F
:100DB0003E3E0000000000000000000000000000B7
:100DC0000000000000000000003E3E2828282828DF
:100DD000283E3E000000000000000000000000006F
:100DE0000000000000000000003E3E28283E3E2893
:100DF000283E3E000000000000000000000000004F
:100E00000000000000000000002030180C06060C56
:100E1000183020000000000000000000000000006A
:100E200000000000000000000020301E1E30301EB8
:100E30001E30200000000000000000000000000044
:100E4000000000000000000000001C3E22222222C0
:100E50003E1C000000000000000000000000000038
:100E600000000000000000000022321A0E06060EEC
:100E70001A32220000000000000000000000000004
:100E800000000000000000000022321A2E361A0E68
:100E90000E322200000000000000000000000000F0
:100EA00000000000000000000024341C0C06060CAA
:100EB0001C342400000000000000000000000000BE
:100EC0000000000000000000000A0A0A0A0A0A0ADC
:100ED0000A3E3E000000000000000000000000008C
:100EE0000000000000000000003E3E2A2A2A2A2AB4
:100EF0002A2A2A0000000000000000000000000074
:100F000000000000000000000022223E3E22223E9F
:100F10003E2222000000000000000000000000004F
:100F2000000000000000000000021A3E26272726CD
:100F30003E1A020000000000000000000000000057
:100F400000000000000000000000000000000000A1
:100F50000000000000000000000000000000000091
:100F60000000000000000000000202020202020273
:100F7000023E3E00000000000000000000000000F3
:100F80000000000000000000000202023E3E0202DB
:100F9000023E3E00000000000000000000000000D3
:100FA0000000000000000000003E3E202020202025
:100FB00020202000000000000000000000000000D1
:100FC0000000000000000000003E3E2222222222FB
:100FD00022222200000000000000000000000000AB
:100FE0000000000000000000003E3E2222003E3EC5
:100FF000222222000000000000000000000000008B
:101000000000000000000000003A3A2A2A2A2A2A9A
:101010002A2E2E000000000000000000000000004A
:10102000000000000000000000003E3E22222222BC
:101030003E3E000000000000000000000000000034
:101040000000000000000000003E3E28282828285C
:10105000283E3E00000000000000000000000000EC
:101060000000000000000000003E3E28283E3E2810
:10107000283E3E00000000000000000000000000CC
:101080000000000000000000002030180C06060CD4
:1010900018302000000000000000000000000000E8
:1010A00000000000000000000020301E1E30301E36
:1010B0001E302000000000000000000000000000C2
:1010C000000000000000000000001C3E222222223E
:1010D0003E1C0000000000000000000000000000B6
:1010E00000000000000000000022321A0E06060E6A
:1010F0001A32220000000000000000000000000082
:1011000000000000000000000022321A2E361A0EE5
:101110000E3222000000000000000000000000006D
:1011200000000000000000000024341C0C06060C27
:101130001C3424000000000000000000000000003B
:101140000000000000000000000A0A0A0A0A0A0A59
:101150000A3E3E0000000000000000000000000009
:101160000000000000000000003E3E2A2A2A2A2A31
:101170002A2A2A00000000000000000000000000F1
:1011800000000000000000000022223E3E22223E1D
:101190003E222200000000000000000000000000CD
:1011A000000000000000000000021A3E262727264B
:1011B0003E1A0200000000000000000000000000D5
:1011C000000000000000000000000000000000001F
:1011D000000000000000000000000000000000000F
:1011E000000000000000000002020202023E3E0079
:1011F00000000000000000000000000000000000EF
:101200000000000000000002023E3E02023E3E00DE
:1012100000000000000000000000000000000000CE
:1012200000000000000000003E3E20202020202082
:1012300000000000000000000000000000000000AE
:1012400000000000000000003E3E22222222222256
:10125000000000000000000000000000000000008E
:1012600000000000000000003E3E22223E3E2222FE
:10127000000000000000000000000000000000006E
:1012800000000000000000003A3A2A2A2A2E2E0010
:10129000000000000000000000000000000000004E
:1012A00000000000000000003E3E2222223E3E00E0
:1012B000000000000000000000000000000000002E
:1012C00000000000000000003E3E2828283E3E00AE
:1012D000000000000000000000000000000000000E
:1012E00000000000000000003E2E283E2E283E3E5A
:1012F00000000000000000000000000000000000EE
:1013000000000000000000002030180E0E183020F1
:1013100000000000000000000000000000000000CD
:10132000000000000000000020301E2E301E0E3095
:10133000200000000000000000000000000000008D
:101340000000000000000000001C3E22223E1C00A5
:10135000000000000000000000000000000000008D
:10136000000000000000000022321A0E0E1A322285
:10137000000000000000000000000000000000006D
:101380000000000000000022321E2E321E0E32220B
:10139000000000000000000000000000000000004D
:1013A000000000000000000024341C0E0E1C342439
:1013B000000000000000000000000000000000002D
:1013C00000000000000000000A0A0A0A0A0A3E3E65
:1013D000000000000000000000000000000000000D
:1013E00000000000000000003E3E2A2A2A2A2A00AF
:1013F00000000000000000000000000000000000ED
:101400000000000000000000223E3E22223E3E225C
:1014100000000000000000000000000000000000CC
:101420000000000000000000021A3E27273E1A02BA
:1014300000000000000000000000000000000000AC
:10144000000000000000000000000000000000009C
:10145000000000000000000000000000000000008C
:10146000000000000000000002020202023E3E00F6
:10147000000000000000000000000000000000006C
:101480000000000000000002023E3E02023E3E005C
:10149000000000000000000000000000000000004C
:1014A00000000000000000003E3E20202020202000
:1014B000000000000000000000000000000000002C
:1014C00000000000000000003E3E222222222222D4
:1014D000000000000000000000000000000000000C
:1014E00000000000000000003E3E22223E3E22227C
:1014F00000000000000000000000000000000000EC
:1015000000000000000000003A3A2A2A2A2E2E008D
:1015100000000000000000000000000000000000CB
:1015200000000000000000003E3E2222223E3E005D
:1015300000000000000000000000000000000000AB
:1015400000000000000000003E3E2828283E3E002B
:10155000000000000000000000000000000000008B
:1015600000000000000000003E2E283E2E283E3ED7
:10157000000000000000000000000000000000006B
:1015800000000000000000002030180E0E1830206F
:10159000000000000000000000000000000000004B
:1015A000000000000000000020301E2E301E0E3013
:1015B000200000000000000000000000000000000B
:1015C0000000000000000000001C3E22223E1C0023
:1015D000000000000000000000000000000000000B
:1015E000000000000000000022321A0E0E1A322203
:1015F00000000000000000000000000000000000EB
:101600000000000000000022321E2E321E0E322288
:1016100000000000000000000000000000000000CA
:10162000000000000000000024341C0E0E1C3424B6
:1016300000000000000000000000000000000000AA
:1016400000000000000000000A0A0A0A0A0A3E3EE2
:10165000000000000000000000000000000000008A
:1016600000000000000000003E3E2A2A2A2A2A002C
:10167000000000000000000000000000000000006A
:101680000000000000000000223E3E22223E3E22DA
:10169000000000000000000000000000000000004A
:1016A0000000000000000000021A3E27273E1A0238
:1016B000000000000000000000000000000000002A
:1016C000000000000000000000000000000000001A
:1016D000000000000000000000000000000000000A
:1016E000000000000000000082C262321E0E0000F6
:1016F00000000000000000000000000000000000EA
:10170000000000000000004262325E6E321E0E00D9
:1017100000000000000000000000000000000000C9
:101720000000000000000000FEFE8080808080003D
:1017300000000000000000000000000000000000A9
:101740000000000000000000FEFE82828282000095
:101750000000000000000000000000000000000089
:101760000000000000000000FEFE82FEFE828200FB
:101770000000000000000000000000000000000069
:1017800000000000000000007A7A4A4A4E4E000035
:101790000000000000000000000000000000000049
:1017A00000000000000000007E7E42427E7E0000BD
:1017B0000000000000000000000000000000000029
:1017C00000000000000000007E7E48487E7E000091
:1017D0000000000000000000000000000000000009
:1017E000000000000000007E5E487E5E487E000033
:1017F00000000000000000000000000000000000E9
:10180000000000000000004060301E1E30604000FC
:1018100000000000000000000000000000000000C8
:1018200000000000000040603E5E603E1E60400020
:1018300000000000000000000000000000000000A8
:1018400000000000000000003C7E42427E3C0000A0
:101850000000000000000000000000000000000088
:10186000000000000000004262321E1E3262420090
:101870000000000000000000000000000000000068
:1018800000000000000042623E5E623E1E624000B8
:101890000000000000000000000000000000000048
:1018A000000000000000004464341E1E3464440044
:1018B0000000000000000000000000000000000028
:1018C00000000000000000008ACA6A3A1E0E0000F4
:1018D0000000000000000000000000000000000008
:1018E00000000000000000007E7E4A4A4A4A0000D4
:1018F00000000000000000000000000000000000E8
:1019000000000000000000427E7E427E7E42000019
:1019100000000000000000000000000000000000C7
:1019200000000000000000023A7E47477E3A0200B5
:1019300000000000000000000000000000000000A7
:101940000000000000000000000000000000000097
:101950000000000000000000000000000000000087
:101960000000000000000000000202020202020269
:10197000023E3E00000000000000000000000000E9
:101980000000000000000000000202023E3E0202D1
:10199000023E3E00000000000000000000000000C9
:1019A0000000000000000000003E3E20202020201B
:1019B00020202000000000000000000000000000C7
:1019C0000000000000000000003E3E2222222222F1
:1019D00022222200000000000000000000000000A1
:1019E0000000000000000000003E3E2222003E3EBB
:1019F0002222220000000000000000000000000081
:101A00000000000000000000003A3A2A2A2A2A2A90
:101A10002A2E2E0000000000000000000000000040
:101A2000000000000000000000003E3E22222222B2
:101A30003E3E00000000000000000000000000002A
:101A40000000000000000000003E3E282828282852
:101A5000283E3E00000000000000000000000000E2
:101A60000000000000000000003E3E28283E3E2806
:101A7000283E3E00000000000000000000000000C2
:101A80000000000000000000002030180C06060CCA
:101A900018302000000000000000000000000000DE
:101AA00000000000000000000020301E1E30301E2C
:101AB0001E302000000000000000000000000000B8
:101AC000000000000000000000001C3E2222222234
:101AD0003E1C0000000000000000000000000000AC
:101AE00000000000000000000022321A0E06060E60
:101AF0001A32220000000000000000000000000078
:101B000000000000000000000022321A2E361A0EDB
:101B10000E32220000000000000000000000000063
:101B200000000000000000000024341C0C06060C1D
:101B30001C34240000000000000000000000000031
:101B40000000000000000000000A0A0A0A0A0A0A4F
:101B50000A3E3E00000000000000000000000000FF
:101B60000000000000000000003E3E2A2A2A2A2A27
:101B70002A2A2A00000000000000000000000000E7
:101B800000000000000000000022223E3E22223E13
:101B90003E222200000000000000000000000000C3
:101BA000000000000000000000021A3E2627272641
:101BB0003E1A0200000000000000000000000000CB
:101BC0000000000000000000000000000000000015
:101BD0000000000000000000000000000000000005
:101BE0000000000000000000020202023E3E000071
:101BF00000000000000000000000000000000000E5
:101C00000000000000000002023E3E02023E3E00D4
:101C100000000000000000000000000000000000C4
:101C200000000000000000003E3E20202020200098
:101C300000000000000000000000000000000000A4
:101C400000000000000000003E3E22222222000090
:101C50000000000000000000000000000000000084
:101C600000000000000000003E3E223E3E22220016
:101C70000000000000000000000000000000000064
:101C8000000000000000003A3A2A2A2A2E2E000006
:101C90000000000000000000000000000000000044
:101CA000000000000000003E3E2222223E3E0000D6
:101CB0000000000000000000000000000000000024
:101CC000000000000000003E3E2828283E3E0000A4
:101CD0000000000000000000000000000000000004
:101CE000000000000000003E2E283E2E283E00008E
:101CF00000000000000000000000000000000000E4
:101D0000000000000000002030180E0E18302000E7
:101D100000000000000000000000000000000000C3
:101D20000000000000000020301E2E301E0E30206B
:101D300000000000000000000000000000000000A3
:101D400000000000000000001C3E22223E1C00009B
:101D50000000000000000000000000000000000083
:101D60000000000000000022321A0E0E1A3222007B
:101D70000000000000000000000000000000000063
:101D800000000000000022321E2E321E0E32220001
:101D90000000000000000000000000000000000043
:101DA0000000000000000024341C0E0E1C3424002F
:101DB0000000000000000000000000000000000023
:101DC000000000000000000A0A0A0A0A3E3E000065
:101DD0000000000000000000000000000000000003
:101DE00000000000000000003E3E2A2A2A2A0000CF
:101DF00000000000000000000000000000000000E3
:101E000000000000000000223E3E223E3E22000074
:101E100000000000000000000000000000000000C2
:101E200000000000000000021A3E27273E1A0200B0
:101E300000000000000000000000000000000000A2
:101E40000000000000000000000000000000000092
:101E50000000000000000000000000000000000082
:101E60000000000000000000000000000000000072
:101E70000000FEFE10100000000000000000000046
:101E800000001F1F00000000000000000000000014
:101E9000FEFE20FEFE00000000000000000000002A
:101EA0000F0F001F1F0000000000000000000000D6
:101EB0000000FEFE48480000000000000000000096
:101EC00000001F1F000000000000000000000000D4
:101ED000FEFE90FEFE00000000000000000000007A
:101EE0000F0F001F1F000000000000000000001086
:101EF0001010FEFE000000000000000000000000C6
:101F000000001F1F00000000000000000010101063
:101F1000FEFE00FEFE0000000000000000000000C9
:101F20000F0F001F1F00000000000000000000282D
:101F30002828FEFE00000000000000000000000055
:101F400000001F1F000000000000000000282828DB
:101F5000FEFE00FEFE000000000000000000000089
:101F60000F0F001F1F000000000000000080800015
:101F7000000000000000000004040404040707043B
:101F80000404040400000000000000808000000041
:101F900000FEFE8080000000020202030302020233
:101FA000001F1F00000000000000808000000000F3
:101FB000FEFE20FEFE0000020202030302020202F5
:101FC0000F0F001F1F0000000000008080000000B5
:101FD0000000FEFE000000000202020303020202F3
:101FE00002021F1F0000000000000080800000802F
:101FF0008000000000000000040404070704040738
:1020000007040404000000000000000000000000BD
:10201000000000000000000001010101013F3F013C
:1020200001010101000000008080808080808080AC
:102030008000FEFE000000000000001F1F000004E2
:1020400004043F3F0000008080808080808080000A
:10205000FEFE00FEFE00000000000F0F000404045E
:102060001F1F003F3F0000008080808080808080B4
:102070008000FEFE000000000000001F1F000000A6
:1020800000003F3F000000000000000000000000D2
:1020900000000000000000000101013F3F01013F7E
:1020A0003F010101000000000000000000000000EE
:1020B0000000000000000000040404040404040400
:1020C00004040404040000000000000000000000FC
:1020D0000000FEFE000000000101010101010101FC
:1020E00001001F1F000000000000000000000000B1
:1020F0000000FEFE000000000000000000000000E4
:1021000000001F1F00000000000000000000000091
:1021100000000000000000000000000000000000BF
:1021200000000000000000000000000000000000AF
:102130000000FEFE10100000000000000000000083
:1021400000001F1F00000000000000000000000051
:10215000FEFE20FEFE000000000000000000000067
:102160000F0F001F1F000000000000000000000013
:102170000000FEFE484800000000000000000000D3
:1021800000001F1F00000000000000000000000011
:10219000FEFE90FEFE0000000000000000000000B7
:1021A0000F0F001F1F0000000000000000000010C3
:1021B0001010FEFE00000000000000000000000003
:1021C00000001F1F000000000000000000101010A1
:1021D000FEFE00FEFE000000000000000000000007
:1021E0000F0F001F1F00000000000000000000286B
:1021F0002828FEFE00000000000000000000000093
:1022000000001F1F00000000000000000028282818
:10221000FEFE00FEFE0000000000000000000000C6
:102220000F0F001F1F000000000000000080800052
:102230000000000000000000040404040407070478
:10224000040404040000000000000080800000007E
:1022500000FEFE8080000000020202030302020270
:10226000001F1F0000000000000080800000000030
:10227000FEFE20FEFE000002020203030202020232
:102280000F0F001F1F0000000000008080000000F2
:102290000000FEFE00000000020202030302020230
:1022A00002021F1F0000000000000080800000806C
:1022B0008000000000000000040404070704040775
:1022C00007040404000000000000000000000000FB
:1022D000000000000000000001010101013F3F017A
:1022E00001010101000000008080808080808080EA
:1022F0008000FEFE000000000000001F1F00000420
:1023000004043F3F00000080808080808080800047
:10231000FEFE00FEFE00000000000F0F000404049B
:102320001F1F003F3F0000008080808080808080F1
:102330008000FEFE000000000000001F1F000000E3
:1023400000003F3F0000000000000000000000000F
:1023500000000000000000000101013F3F01013FBB
:102360003F0101010000000000000000000000002B
:10237000000000000000000004040404040404043D
:102380000404040404000000000000000000000039
:102390000000FEFE00000000010101010101010139
:1023A00001001F1F000000000000000000000000EE
:1023B0000000FEFE00000000000000000000000021
:1023C00000001F1F000000000000000000000000CF
:1023D00000000000000000000000000000000000FD
:1023E00000000000000000000000000000000000ED
:1023F0000000FEFE101000000000000000000000C1
:1024000000000101000000000000000000000000CA
:10241000FEFE10FEFE0000000000000000000000B4
:1024200001010001010000000000000000000000A8
:102430000000FEFE28280000000000000000000050
:10244000000001010000000000000000000000008A
:10245000FEFE50FEFE000000000000000000000034
:102460000101000101000000000000000000001058
:102470001010FEFE00000000000000000000000040
:10248000000001010000000000000000001010101A
:10249000FEFE00FEFE000000000000000000000044
:1024A0000101000101000000000000000000002800
:1024B0002828FEFE000000000000000000000000D0
:1024C00000000101000000000000000000002828BA
:1024D000FEFE00FEFE000000000000000000000004
:1024E00001010001010000000000000000E0E00028
:1024F00000000000000000000101010101010101D4
:102500000101010100000000000000C0C000000047
:102510000000FEFE10100000010101010101010197
:1025200001000101000000000000C0C00000000028
:10253000FEFE10FEFE00000101010101010101008B
:102540000101000101000000000000C0C000000007
:102550000000FEFE00000000010101010101010177
:102560000100010100000000000000C0C00000C028
:10257000C000000000000000010101010101010193
:102580000101010100000000808080808080808047
:102590008080808000000000000000000003030035
:1025A00000000000000000008080808080808000AB
:1025B0001010FEFE000000000002030100000000F9
:1025C00000000101000000808080808080809010E9
:1025D000FEFE00FEFE0000000002030100000000FD
:1025E00001010001010000008080808080808080E7
:1025F0008000FEFE00000000000203010000000059
:1026000000000101000000008080808080808080C8
:1026100080808080000000000000000303000003B1
:1026200003000000000000000000000000000000A7
:102630000000000000000000010101010101010192
:102640000101010100000000000000000000000086
:102650000000FEFE00000000010101010101010176
:102660000100010100000000000000000000000067
:102670000000FEFE0000000000000000000000005E
:102680000000010100000000000000000000000048
:10269000000000000000000000000000000000003A
:1026A000000000000000000000000000000000002A
:1026B0000000FEFE101000000000000000000000FE
:1026C0000000010100000000000000000000000008
:1026D000FEFE10FEFE0000000000000000000000F2
:1026E00001010001010000000000000000000000E6
:1026F0000000FEFE2828000000000000000000008E
:1027000000000101000000000000000000000000C7
:10271000FEFE50FEFE000000000000000000000071
:102720000101000101000000000000000000001095
:102730001010FEFE0000000000000000000000007D
:102740000000010100000000000000000010101057
:10275000FEFE00FEFE000000000000000000000081
:10276000010100010100000000000000000000283D
:102770002828FEFE0000000000000000000000000D
:1027800000000101000000000000000000002828F7
:10279000FEFE00FEFE000000000000000000000041
:1027A00001010001010000000000000000E0E00065
:1027B0000000000000000000010101010101010111
:1027C0000101010100000000000000C0C000000085
:1027D0000000FEFE101000000101010101010101D5
:1027E00001000101000000000000C0C00000000066
:1027F000FEFE10FEFE0000010101010101010100C9
:102800000101000101000000000000C0C000000044
:102810000000FEFE000000000101010101010101B4
:102820000100010100000000000000C0C00000C065
:10283000C0000000000000000101010101010101D0
:102840000101010100000000808080808080808084
:102850008080808000000000000000000003030072
:1028600000000000000000008080808080808000E8
:102870001010FEFE00000000000203010000000036
:102880000000010100000080808080808080901026
:10289000FEFE00FEFE00000000020301000000003A
:1028A0000101000101000000808080808080808024
:1028B0008000FEFE00000000000203010000000096
:1028C0000000010100000000808080808080808006
:1028D00080808080000000000000000303000003EF
:1028E00003000000000000000000000000000000E5
:1028F00000000000000000000101010101010101D0
:1029000001010101000000000000000000000000C3
:102910000000FEFE000000000101010101010101B3
:1029200001000101000000000000000000000000A4
:102930000000FEFE0000000000000000000000009B
:102940000000010100000000000000000000000085
:102950000000000000000000000000000000000077
:102960000000000000000000000000000000000067
:102970000000000000000000000000040404040443
:1029800004047C7C00000000000000000000000047
:10299000000000000000000000000404047C7C042F
:1029A00004047C7C00000000000000000000000027
:1029B000000000000000000000000404047C7C40D3
:1029C000603C3C604000000000000000000000008F
:1029D0000000000000000000000000007C7C40407F
:1029E00040404040000000000000000000000000E7
:1029F00000000000000000000000007C7C4040441B
:102A0000643C3C6444000000000000000000000042
:102A100000000000000000000000007C7C40402816
:102A2000785C5C78280000000000000000000000D6
:102A30000000000000000000000000007C7C444416
:102A40004444444400000000000000000000000076
:102A500000000000000000000000000074745454E6
:102A600054545C5C00000000000000000000000006
:102A700000000000000000000000007474545C5C62
:102A800004047C7C00000000000000000000000046
:102A9000000000000000000000007474545C5C0042
:102AA0007C7C447C7C0000000000000000000000F2
:102AB000000000000000000000007474545C5C0022
:102AC0007C7C507C7C0000000000000000000000C6
:102AD00000000000000000000000007474545C5C02
:102AE00040603C3C6040000000000000000000002E
:102AF000000000000000000000007474545C5C00E2
:102B00007C7C5454540000000000000000000000D1
:102B1000000000000000000000007474545C5C00C1
:102B2000447C447C440000000000000000000000E1
:102B3000000000000000000000007474545C5C2879
:102B4000785C5C78280000000000000000000000B5
:102B50000000000000000000000000007C7C4444F5
:102B600044447C7C000000000000000000000000E5
:102B70000000000000000000000000007C7C5050BD
:102B800050507C7C000000000000000000000000AD
:102B900000000000000000000000007C7C507C7CF5
:102BA00040603C3C6040000000000000000000006D
:102BB0000000000000000000000000406030180C21
:102BC0000C18306040000000000000000000000011
:102BD00000000000000000000000004060305C7C4D
:102BE000301C1C30604000000000000000000000AD
:102BF00000000000000000000000000000387C44DD
:102C000044447C3800000000000000000000000088
:102C100000000000000000000000004848283818AC
:102C2000183828484800000000000000000000009C
:102C30000000000000000000000000484828381C88
:102C40001C38284848000000000000000000000078
:102C50000000000000000000000000141414141410
:102C600014147C7C00000000000000000000000044
:102C7000000000000000000000000000007C7C5408
:102C800054545454000000000000000000000000F4
:102C9000000000000000000000000000447C7C44B4
:102CA000447C7C44000000000000000000000000A4
:102CB0000000000000000000000000000828785C10
:102CC0005C5C7828080000000000000000000000A4
:102CD00000000000000000000000000000000000F4
:102CE00000000000000000000000000000000000E4
:102CF00000000000000000000000000404040404C0
:102D000004047C7C000000000000000000000000C3
:102D1000000000000000000000000404047C7C04AB
:102D200004047C7C000000000000000000000000A3
:102D3000000000000000000000000404047C7C404F
:102D4000603C3C604000000000000000000000000B
:102D50000000000000000000000000007C7C4040FB
:102D60004040404000000000000000000000000063
:102D700000000000000000000000007C7C40404497
:102D8000643C3C64440000000000000000000000BF
:102D900000000000000000000000007C7C40402893
:102DA000785C5C7828000000000000000000000053
:102DB0000000000000000000000000007C7C444493
:102DC00044444444000000000000000000000000F3
:102DD0000000000000000000000000007474545463
:102DE00054545C5C00000000000000000000000083
:102DF00000000000000000000000007474545C5CDF
:102E000004047C7C000000000000000000000000C2
:102E1000000000000000000000007474545C5C00BE
:102E20007C7C447C7C00000000000000000000006E
:102E3000000000000000000000007474545C5C009E
:102E40007C7C507C7C000000000000000000000042
:102E500000000000000000000000007474545C5C7E
:102E600040603C3C604000000000000000000000AA
:102E7000000000000000000000007474545C5C005E
:102E80007C7C54545400000000000000000000004E
:102E9000000000000000000000007474545C5C003E
:102EA000447C447C4400000000000000000000005E
:102EB000000000000000000000007474545C5C28F6
:102EC000785C5C7828000000000000000000000032
:102ED0000000000000000000000000007C7C444472
:102EE00044447C7C00000000000000000000000062
:102EF0000000000000000000000000007C7C50503A
:102F000050507C7C00000000000000000000000029
:102F100000000000000000000000007C7C507C7C71
:102F200040603C3C604000000000000000000000E9
:102F30000000000000000000000000406030180C9D
:102F40000C1830604000000000000000000000008D
:102F500000000000000000000000004060305C7CC9
:102F6000301C1C3060400000000000000000000029
:102F700000000000000000000000000000387C4459
:102F800044447C3800000000000000000000000005
:102F90000000000000000000000000484828381829
:102FA0001838284848000000000000000000000019
:102FB0000000000000000000000000484828381C05
:102FC0001C382848480000000000000000000000F5
:102FD000000000000000000000000014141414148D
:102FE00014147C7C000000000000000000000000C1
:102FF000000000000000000000000000007C7C5485
:103000005454545400000000000000000000000070
:10301000000000000000000000000000447C7C4430
:10302000447C7C4400000000000000000000000020
:103030000000000000000000000000000828785C8C
:103040005C5C782808000000000000000000000020
:103050000000000000000000000000000000000070
:103060000000000000000000000000000000000060
:10307000000000000000000000000004040404043C
:103080000404047C7C00000000000000000000003C
:1030900000000000000000000000040404047C7C28
:1030A0000404047C7C00000000000000000000001C
:1030B00000000000000000000000040404047C7C08
:1030C00040603C3C60400000000000000000000048
:1030D0000000000000000000000000007C7C404078
:1030E00040404040400000000000000000000000A0
:1030F00000000000000000000000007C7C40404414
:10310000643C3C644400000000000000000000003B
:10311000000000000000000000007C7C40404028CF
:10312000785C5C78280000000000000000000000CF
:103130000000000000000000000000007C7C44440F
:10314000444444444400000000000000000000002B
:1031500000000000000000000000000074745454DF
:103160005454545C5C0000000000000000000000AB
:1031700000000000000000000000007474545C5C5B
:103180000404047C7C00000000000000000000003B
:10319000000000000000000000007474545C5C003B
:1031A0007C7C447C7C0000000000000000000000EB
:1031B000000000000000000000007474545C5C001B
:1031C0007C7C507C7C0000000000000000000000BF
:1031D00000000000000000000000007474545C5CFB
:1031E00040603C3C60400000000000000000000027
:1031F000000000000000000000007474545C5C00DB
:103200007C7C5454540000000000000000000000CA
:10321000000000000000000000007474545C5C00BA
:10322000447C447C440000000000000000000000DA
:10323000000000000000000000007474545C5C009A
:1032400028785C5C78280000000000000000000086
:103250000000000000000000000000007C7C4444EE
:103260004444447C7C00000000000000000000009A
:103270000000000000000000000000007C7C5050B6
:103280005050507C7C000000000000000000000056
:1032900000000000000000000000007C7C507C7CEE
:1032A00040603C3C60400000000000000000000066
:1032B0000000000000000000000000406030180C1A
:1032C0000C1830604000000000000000000000000A
:1032D00000000000000000000000004060305C7C46
:1032E000301C1C30604000000000000000000000A6
:1032F0000000000000000000000000000000387C1A
:103300004444447C3800000000000000000000003D
:1033100000000000000000000000004848283818A5
:103320001838284848000000000000000000000095
:103330000000000000000000000000484828381C81
:103340001C38284848000000000000000000000071
:10335000000000000000000000000000141414141D
:103360001414147C7C000000000000000000000029
:10337000000000000000000000000000007C7C5401
:103380005454545454000000000000000000000099
:10339000000000000000000000000044447C7C4469
:1033A000447C7C4444000000000000000000000059
:1033B0000000000000000000000000000828785C09
:1033C0005C5C5C7828080000000000000000000041
:1033D00000000000000000000000000000000000ED
:1033E00000000000000000000000000000000000DD
:1033F00000000000000000000004040404040404B1
:10340000047C7C00000000000000000000000000C0
:103410000000000000000000000404047C7C0404A0
:10342000047C7C00000000000000000000000000A0
:103430000000000000000000000404047C7C4060E8
:103440003C3C604000000000000000000000000064
:103450000000000000000000007C7C404040404034
:10346000404040000000000000000000000000009C
:103470000000000000000000007C7C4040404464EC
:103480003C3C64440000000000000000000000001C
:103490000000000000000000007C7C4040402878D4
:1034A0005C5C7828000000000000000000000000C4
:1034B0000000000000000000007C7C4444444444C0
:1034C0004444440000000000000000000000000030
:1034D0000000000000000000007474545454545460
:1034E000545C5C00000000000000000000000000D0
:1034F0000000000000000000007474545C5C0004D4
:10350000047C7C00000000000000000000000000BF
:103510000000000000000000007474545C5C007C3B
:103520007C447C7C000000000000000000000000E3
:103530000000000000000000007474545C5C007C1B
:103540007C507C7C000000000000000000000000B7
:103550000000000000000000007474545C5C4060D7
:103560003C3C604000000000000000000000000043
:103570000000000000000000007474545C5C007CDB
:103580007C545454000000000000000000000000C3
:103590000000000000000000007474545C5C0044F3
:1035A0007C447C440000000000000000000000009B
:1035B0000000000000000000007474545C5C287877
:1035C0005C5C7828000000000000000000000000A3
:1035D0000000000000000000007C7C44444444449F
:1035E000447C7C000000000000000000000000009F
:1035F0000000000000000000007C7C505050505043
:10360000507C7C0000000000000000000000000072
:103610000000000000000000007C7C507C7C4060CA
:103620003C3C604000000000000000000000000082
:10363000000000000000000000406030180C0C1872
:1036400030604000000000000000000000000000AA
:103650000000000000000000004060305C7C301C76
:103660001C3060400000000000000000000000006E
:1036700000000000000000000000387C4444444486
:103680007C38000000000000000000000000000086
:103690000000000000000000004868381808081802
:1036A0003868480000000000000000000000000032
:1036B000000000000000000000486838180C0C18DA
:1036C0003868480000000000000000000000000012
:1036D000000000000000000000141414141414145E
:1036E000147C7C00000000000000000000000000CE
:1036F0000000000000000000007C7C54545454542E
:1037000054545400000000000000000000000000BD
:1037100000000000000000000044447C7C44447C25
:103720007C44440000000000000000000000000095
:103730000000000000000000000828785C5C5C5C71
:1037400078280800000000000000003E5B4F5B3E50
:103750003E6B4F6B3E1C3E7C3E1C183C7E3C181C56
:10376000577D571C1C5E7F5E1C00183C1800FFE74D
:10377000C3E7FF0018241800FFE7DBE7FF30483AF3
:10378000060E2629792926407F050507407F052555
:103790003F5A3CE73C5A7F3E1C1C08081C1C3E7FDD
:1037A00014227F22145F5F005F5F06097F017F00A4
:1037B0006689956A606060606094A2FFA2940804C4
:1037C0007E040810207E201008082A1C08081C2AE5
:1037D00008081E101010100C1E0C1E0C30383E383D
:1037E00030060E3E0E06000000000000005F0000E4
:1037F0000007000700147F147F14242A7F2A122355
:103800001308646236495620500008070300001C64
:103810002241000041221C002A1C7F1C2A08083E6D
:103820000808008070300008080808080000606080
:103830000020100804023E5149453E00427F4000EE
:1038400072494949462141494D331814127F1027C6
:10385000454545393C4A4949314121110907364915
:10386000494936464949291E0000140000004034E9
:1038700000000008142241141414141400412214EE
:103880000802015909063E415D594E7C1211127C15
:103890007F494949363E414141227F4141413E7F76
:1038A000494949417F090909013E414151737F0856
:1038B00008087F00417F41002040413F017F0814FC
:1038C00022417F404040407F021C027F7F0408105D
:1038D0007F3E4141413E7F090909063E4151215E3B
:1038E0007F09192946264949493203017F01033FCF
:1038F0004040403F1F2040201F3F4038403F63145E
:1039000008146303047804036159494D43007F415F
:1039100041410204081020004141417F040201029C
:1039200004404040404000030708002054547840C1
:103930007F284444383844444428384444287F3855
:103940005454541800087E090218A4A49C787F08D7
:1039500004047800447D40002040403D007F102852
:10396000440000417F40007C047804787C08040413
:10397000783844444438FC1824241818242418FCAB
:103980007C08040408485454542404043F44243C50
:103990004040207C1C2040201C3C4030403C4428BF
:1039A0001028444C9090907C4464544C4400083659
:1039B00041000000770000004136080002010204C7
:1039C000023C2623263C1EA1A161123A4040207AE7
:1039D000385454555921555579412254547842212F
:1039E0005554784020545579400C1E527212395566
:1039F0005555593954545459395554545800004563
:103A00007C410002457D420001457C407D1211123F
:103A10007DF0282528F07C545545002054547C54D2
:103A20007C0A097F4932494949323A4444443A328E
:103A30004A4848303A4141217A3A42402078009D34
:103A4000A0A07D3D4242423D3D4040403D3C24FFE0
:103A50002424487E4943662B2FFC2F2BFF0929F68F
:103A600020C0887E090320545479410000447D41E0
:103A70003048484A32384040227A007A0A0A727D39
:103A80000D19317D2629292F282629292926304854
:103A90004D4020380808080808080808382F10C8C2
:103AA000ACBA2F102834FA00007B000008142A1446
:103AB0002222142A14085500550055AA55AA55AAC1
:103AC000FF55FF55FF000000FF00101010FF00140D
:103AD0001414FF001010FF00FF1010F010F0141469
:103AE00014FC001414F700FF0000FF00FF1414F48E
:103AF00004FC141417101F10101F101F1414141F8F
:103B000000101010F0000000001F101010101F1007
:103B1000101010F010000000FF1010101010101006
:103B20001010FF10000000FF140000FF00FF000055
:103B30001F10170000FC04F414141710171414F4C9
:103B400004F40000FF00F714141414141414F70004
:103B5000F7141414171410101F101F141414F41455
:103B60001010F010F000001F101F0000001F1400C4
:103B70000000FC140000F010F01010FF10FF1414EF
:103B800014FF141010101F00000000F010FFFFFFC2
:103B9000FFFFF0F0F0F0F0FFFFFF0000000000FF7B
:103BA000FF0F0F0F0F0F3844443844FC4A4A4A3481
:103BB0007E02020606027E027E0263554941633898
:103BC00044443C04407E201E2006027E020299A549
:103BD000E7A5991C2A492A1C4C7201724C304A4DA7
:103BE0004D303048784830BC625A463D3E494949DC
:103BF000007E0101017E2A2A2A2A2A44445F444485
:103C000040514A444040444A51400000FF0103E013
:103C100080FF000008086B6B083612362436060F4A
:103C2000090F06000018180000001010003040FFB7
:103C30000101001F01011E00191D1712003C3C3C30
:103C40003C0000000000AE2000B0C8001040813FE2
:103C5000A1A6A83FA4D300D5F0D922DA12DB208D8B
:103C600014AF524541445920626F6172643D6D65E5
:103C700067615F7375706572726963682066773D0E
:103C8000312E320065727220756E6B6E6F776E200A
:103C900000617220006472200062746E20006972FC
:103CA0002000746F75636820006D69632000736C79
:103CB0006964657220006A6F7920006B6E6F622004
:103CC000006C6967687420006779726F2000616317
:103CD00063656C200068756D69200074656D7020E7
:103CE00000646973742000183C7EFF181818003CAB
:103CF00042A581A599423C66FFFFFF7E3C180070FB
:103D00006F6E670043415053207472616666696349
:103D10002C7267622C62757A7A65722C6C6173659D
:103D2000722C6D6F746F722C736572766F2C646376
:103D30006D6F746F722C6E656F2C6C63642C666E85
:103D4000642C6F6C65642C6D61747269782C6D7075
:103D5000332C646973742C74656D702C68756D698F
:103D60002C616363656C2C6779726F2C6C69676872
:103D7000742C6B6E6F622C6A6F792C736C6964653E
:103D8000722C6D69632C62746E2C746F7563682C71
:103D900069722C64772C64722C61722C61772C749C
:103DA0006F6E6500524541445920626F6172643DF7
:103DB0006D6567615F7375706572726963682066AF
:103DC000773D312E3200080026002380113002900A
:103DD0000630023002006E009232757000646F7718
:103DE0006E0065767420746F7563682000757000CE
:103DF000646F776E006576742062746E3220007591
:103E00007000646F776E006576742062746E312086
:103E10000000002100240027002A002D003000337C
:103E20000001010000040107010A0100000A0B0261
:103E3000090C0D0E0807030401000000000000003B
:103E40000000000000000000000000000000000072
:103E5000000000000000001211100000000000002F
:103E60000000000000000000000000000000000052
:103E700000000020002300260029002C002F003223
:103E800000000100000301060109010102102020C9
:103E9000080810204010204080020102010804029E
:103EA0000101020408102040808040201008040214
:103EB000018004020180402010080402010804026D
:103EC0000101020408102040800102040810204073
:103ED0008000002200250028002B002E0031003435
:103EE0000002010000050108010B01050505050799
:103EF0000508080808020202020A0A080804040465
:103F00000401010101010101010303030303030390
:103F100003040707070C0C0C0C0C0C0C0C0202021F
:103F20000206060606060606060B0B0B0B0B0B0B12
:103F30000B00B440A25511241FBECFEFD1E2DEBF6B
:103F4000CDBF00E00CBF15E0A0E0B2E0E4E5F8EB87
:103F500000E00BBF02C007900D92A631B107D9F760
:103F60002FE0A6E1B5E001C01D92AA3EB207E1F73D
:103F70001FE1CAE9DFE100E006C021970109802FB7
:103F8000FE010E94CB5AC939D10780E00807A9F782
:103F90000E94A3420C94185C0C94000091E0909352
:103FA000750A8093970A1092760A1092980A0895DB
:103FB00008950895EFE7FCE0148E138E168E158E8B
:103FC00010A2178E12A211A214A213A216A215A259
:103FD00010A617A212A611A608951F93CF93DF93E0
:103FE00011E0180F2091B90C1217A1F1C091BA0C71
:103FF000D091BB0C215070E060E061F08F3FF1F494
:1040000030E050E040E06FEF7FEF80E090E00E9412
:10401000A658B901FE014091B50C5091B60CCF01E4
:104020008C1B9D0B8417950798F44081469FC00117
:10403000479F900D112490833196EDCF812F90E012
:10404000982F88270197622F70E00E94B75AE2CF1D
:104050001093B90CDF91CF911F91089508954F925D
:104060005F926F927F928F929F92AF92BF92FF92D8
:104070002091B30C3091B40C8217930708F043C021
:104080002B0166247724852E962EA72EBB24B82DCF
:10409000A42F2091B90CF42C222391F0E22FF0E010
:1040A000E49DD001E59DB00DF49DB00D1124FB2ED3
:1040B000289D40011124B92D249F90011124A32F84
:1040C000E091BF0C2091BA0C3091BB0C5091BC0C0C
:1040D000E51323C0FC01EE0FFF1F8E0F9F1F820F01
:1040E000931FE091BC0CE80FF92FF11DF082E091D5
:1040F000BD0CE80FF92FF11DB0832091BE0C820F8B
:10410000911DFC01A083FF90BF90AF909F908F9076
:104110007F906F905F904F900895880F991F880F40
:10412000991F820F931FE80FF92FF11D1082D9CF2D
:104130008150823108F05AC0E82FF0E08827EC5512
:10414000FF4D8F4F0C94CB5AC420C820B620BC2002
:10415000C020F620CB20D120D520DB20DF20E3209B
:10416000E920ED20F620F120F720FB20809180004F
:104170008F77809380000895809180008F7DF9CFA4
:1041800080918000877FF5CF84B58F7784BD0895B7
:1041900084B58F7DFBCF8091B0008F778093B00086
:1041A00008958091B0008F7DF9CF809190008F7736
:1041B000809390000895809190008F7DF9CF809139
:1041C0009000877FF5CF8091A0008F778093A0002B
:1041D00008958091A0008F7DF9CF8091A000877F06
:1041E000F5CF809120018F778093200108958091F1
:1041F00020018F7DF9CF80912001877FF5CFCF936C
:10420000DF93282F30E0F901E55DF14C8491F9014D
:10421000E557F14CD491F901E551F14CC491CC230F
:10422000A1F081110E949820EC2FF0E0EE0FFF1F0B
:10423000EF58F14CA591B491EC91ED2381E090E021
:1042400009F480E0DF91CF91089580E090E0FACF0B
:104250001F93CF93DF93282F30E0F901E55DF14CF8
:104260008491F901E557F14CD491F901E551F14CF4
:10427000C491CC23A9F0162F81110E949820EC2F15
:10428000F0E0EE0FFF1FEF52F14CA591B4918FB704
:10429000F894EC91111108C0D095DE23DC938FBF08
:1042A000DF91CF911F910895DE2BF8CFCF93DF934D
:1042B00090E0FC01E557F14C24918551914CFC01B3
:1042C00084918823C9F090E0880F991FFC01EF5E6C
:1042D000F14CA591B491FC01EF52F14CC591D491F0
:1042E00061110DC09FB7F8948C91209582238C9317
:1042F0008881282328839FBFDF91CF910895623062
:1043000051F49FB7F8943C91822F809583238C932E
:10431000E8812E2BEFCF8FB7F894EC912E2B2C93B6
:104320008FBFEACF1F93CF93DF93182FEB0161E08C
:104330000E945621209739F460E0812FDF91CF91C0
:104340001F910C942821CF3FD10511F461E0F5CFE6
:10435000E12FF0E0E55DF14CE491E150E23108F04D
:10436000B3C0F0E08827E854FE4D8F4F0C94CB5A31
:10437000CA21D221D721E121EB216422F521FD219F
:1043800005220F221922232232223C2264224622B5
:1043900050225A2284B5806884BDC7BDDF91CF9179
:1043A0001F91089584B5806284BDC8BDF7CF809108
:1043B0008000806880938000D0938900C09388003B
:1043C000EDCF80918000806280938000D0938B003D
:1043D000C0938A00E3CF8091800088608093800042
:1043E000D0938D00C0938C00D9CF8091B0008068AD
:1043F0008093B000C093B300D1CF8091B0008062B1
:104400008093B000C093B400C9CF809190008068C1
:1044100080939000D0939900C0939800BFCF809173
:104420009000806280939000D0939B00C0939A008C
:10443000B5CF80919000886080939000D0939D00CC
:10444000C0939C00ABCF8091A00080688093A000B7
:104450008091A0008F7B8093A000D093A900C0938F
:10446000A8009CCF8091A00080628093A000D09390
:10447000AB00C093AA0092CF8091A0008860809387
:10448000A000D093AD00C093AC0088CF80912001F4
:10449000806880932001D0932901C09328017ECFAA
:1044A00080912001806280932001D0932B01C093E2
:1044B0002A0174CF80912001886080932001D093DD
:1044C0002D01C0932C016ACFC038D1050CF03ECF2E
:1044D00033CF8230910538F0880F991F880F991FCC
:1044E00005970197F1F708954F925F926F927F922F
:1044F0008F929F92AF92BF92FF920F931F93CF9391
:10450000DF93F62E5901BA0190E080E00E945557E2
:104510009B01AC0160E074E284E799E40E94C65913
:104520000E94385A072E000C880B990B0E9457578F
:104530002B013C0120E030E040E05FE30E94B657F1
:104540000E94385AEB0161E08F2D0E945621C5016F
:10455000B8010E94555720E030E04AE754E40E9439
:10456000B657A30192010E94C6594B015C0101E0BC
:1045700010E0B801012E000C880B990B0E945757D0
:10458000A50194010E94505718168CF061E08F2D00
:104590000E942821CE010E94692260E08F2D0E9496
:1045A0002821CE010E9469220F5F1F4FE2CFDF91C9
:1045B000CF911F910F91FF90BF90AF909F908F90E0
:1045C0007F906F905F904F9008953FB7F8948091DF
:1045D0001F0A9091200AA091210AB091220A26B5C3
:1045E000A89B05C02F3F19F00196A11DB11D3FBF2B
:1045F000BA2FA92F982F8827BC01CD01620F711DFA
:10460000811D911D42E0660F771F881F991F4A95F3
:10461000D1F708950F931F93CF93DF9300D000D06D
:1046200000D0CDB7DEB78091BA0C9091BB0C892B2E
:1046300009F47CC00E94E5220091C00C1091C10CCD
:104640002091C20C3091C30C601771078207930749
:1046500040F46093C00C7093C10C8093C20C909393
:10466000C30C0091C00C1091C10C2091C20C309170
:10467000C30C601B710B820B930B6C327140810574
:104680009105C0F2F8948091B50C9091B60C9A8384
:104690008983E091BA0CF091BB0CDF011196808107
:1046A00089879091B10CE091C40CF091C50C809178
:1046B000C60C992309F445C09081982B9887908166
:1046C000809589238F838F818C8388E08B835885A5
:1046D0006F8149853B812C8189819A81508347FD77
:1046E000252F3A952083262F39F0441F00C0000063
:1046F0006083000000C0F2CF38E04D91608300007D
:10470000019761F7F093C50CE093C40C49873B8394
:104710002C839A83898378940E94E5226093C00C4D
:104720007093C10C8093C20C9093C30C29960FB662
:10473000F894DEBF0FBECDBFDF91CF911F910F91D7
:1047400008959081982B98879081809589238F83F5
:104750008F818E8388E08D8358856F8149853D8167
:104760002E8189819A81508347FD252F00C000C08A
:10477000208300C000C000C000C000C060830000F3
:10478000262F3A9541F0441F000000C000C000C031
:1047900000C000C0E8CF38E04D9100C0608300C089
:1047A000019709F7F093C50CE093C40C49873D834A
:1047B0002E83AFCF8F929F92AF92BF92CF92DF9214
:1047C000EF92FF926B017C010E94E5224B015C019C
:1047D000C114D104E104F104B9F00E94E522681982
:1047E00079098A099B09683E73408105910580F328
:1047F00021E0C21AD108E108F10888EE880E83E0B2
:10480000981EA11CB11CE4CFFF90EF90DF90CF90D9
:10481000BF90AF909F908F9008952FB7F8946091BC
:104820001B0A70911C0A80911D0A90911E0A2FBFCD
:104830000895AF92BF92CF92DF92EF92FF920F93C3
:104840001F93CF93DF936C017B018B01040F151F26
:10485000EB015E01AE18BF08C017D10759F069918E
:10486000D601ED91FC910190F081E02DC6011995E2
:10487000892B79F7C501DF91CF911F910F91FF909F
:10488000EF90DF90CF90BF90AF900895FC01538DD3
:10489000448D252F30E0842F90E0821B930B54171A
:1048A00010F0CF96089501970895FC01918D828DA7
:1048B000981761F0A28DAE0FBF2FB11D5D968C9140
:1048C000928D9F5F9F73928F90E008958FEF9FEF7F
:1048D0000895FC01918D828D981731F0828DE80F3B
:1048E000F11D858D90E008958FEF9FEF0895FC01F5
:1048F000918D228D892F90E0805C9F4F821B9109C2
:104900008F739927089589E99AE00E94772421E01E
:10491000892B09F420E0822F0895FC01A48DA80FB3
:10492000B92FB11DA35ABF4F2C91848D90E00196F1
:104930008F739927848FA689B7892C93A089B18911
:104940008C91837080648C93938D848D981306C0B2
:104950000288F389E02D80818F7D80830895EF9216
:10496000FF920F931F93CF93DF93EC0181E0888F29
:104970009B8D8C8D98131AC0E889F989808185FFF9
:1049800015C09FB7F894EE89FF896083E889F9899B
:1049900080818370806480839FBF81E090E0DF919D
:1049A000CF911F910F91FF90EF900895F62E0B8DF0
:1049B00010E00F5F1F4F0F731127E02E8C8D8E11AB
:1049C0000CC00FB607FCFACFE889F989808185FF12
:1049D000F5CFCE010E948D24F1CFEB8DEC0FFD2F92
:1049E000F11DE35AFF4FF0829FB7F8940B8FEA89CD
:1049F000FB8980818062CFCF0F931F93CF93DF938A
:104A00008C01D0E0C0E0F801EC0FFD1F649166233B
:104A100041F089E99AE00E94AF24892B11F0219698
:104A2000F2CFCE01DF91CF911F910F910895CF93D7
:104A3000DF93EC01888D8823B9F0AA89BB89E889C6
:104A4000F9898C9185FD03C0808186FD0DC00FB66C
:104A500007FCF7CF8C9185FFF2CF808185FFEDCFEA
:104A6000CE010E948D24E9CFDF91CF91089580E09F
:104A700090E0892B29F00E94832481110E9400007C
:104A800080E090E0892B49F080E090E0892B29F0CC
:104A90000E94000081110E94000080E090E0892BBC
:104AA00049F080E090E0892B29F00E9400008111FC
:104AB0000E94000080E090E0892B49F080E090E0C7
:104AC000892B29F00E94000081110C9400000895A8
:104AD000AF92BF92CF92DF92EF92FF920F931F930C
:104AE000CF93DF936B017A01EC01C656DA4F288130
:104AF0003CE0389F8001399F100D1124A090C60B17
:104B0000B12C27FF1FC0FB011182108288818F5FAB
:104B1000888388819801280F311D87FD3A95F60119
:104B20002A153B051CF488818C30C4F18081918169
:104B3000049680349C4908F473C0F6018081918109
:104B4000049670C088819801280F311D87FD3A9521
:104B50002A153B05DCF68881A801480F511D87FD09
:104B60005A95FA01EE0FFF1FE40FF51FEA5CF44FB0
:104B7000808186FFCBCF8881F801E80FF11D87FD8A
:104B8000FA95CF01EE0FFF1FE80FF91FEA5CF44F13
:104B9000808160E08F730E942821B8CF808191814D
:104BA0002881A801420F511D27FD5A959A01FA014B
:104BB000EE0FFF1FE20FF31FEA5CF44F21813281F9
:104BC000820F931FF7019183808388819801280FBA
:104BD000311D87FD3A95F901EE0FFF1FE20FF31F1C
:104BE000EA5CF44F808186FF22C08881080F111D86
:104BF00087FD1A95F801EE0FFF1FE00FF11FEA5C29
:104C0000F44F808161E08F73DF91CF911F910F91FD
:104C1000FF90EF90DF90CF90BF90AF900C94282141
:104C200080E49CE9F701918380838FEF8883DF9193
:104C3000CF911F910F91FF90EF90DF90CF90BF9099
:104C4000AF9008952091A0053091A105281739074C
:104C500071F490919E0580919F05981741F0E09125
:104C60009E05F0E0E65AFA4F808190E008958FEFBC
:104C70009FEF0895EF92FF920F931F93CF93DF93CF
:104C8000DC015C96ED90FC905D97E114F10479F401
:104C900081E090E013969C938E93129790E080E0D1
:104CA000DF91CF911F910F91FF90EF900895519652
:104CB000ED91FC91529750968C915097982F90952A
:104CC0000FB75E962C915E97122F127021FD6095A2
:104CD000F8942081112319F1282B2083E7012197D3
:104CE000F1F728E0462F50E0308160FF1AC0382BE2
:104CF0003083E7012197F1F7BA0175956795215047
:104D000089F7112381F08081892380830FBF5C960E
:104D10008D919C910197F1F781E090E0C1CF29231B
:104D2000DCCF3923E5CF9081892BEFCFCF93C82FEC
:104D30006EE78CEC9BE00E943A266FEF8CEC9BE0D8
:104D40000E943A2666E08CEC9BE00E943A2666E0E0
:104D50008CEC9BE00E943A2660E08CEC9BE00E9489
:104D60003A2660E08CEC9BE00E943A266C2F8CEC9B
:104D70009BE00E943A266FEE8CEC9BE00E943A2664
:104D80006AE070E080E090E0CF910C94DA2320910B
:104D9000A0053091A1052817390761F480919F057E
:104DA00020919E0590E0805C9F4F821B91098F733C
:104DB0009927089590E080E008952091A005309112
:104DC000A10528173907B9F490919E0580919F0598
:104DD000981789F0E0919E05F0E0E65AFA4F80813D
:104DE00020919E0530E02F5F3F4F2F733327209394
:104DF0009E0590E008958FEF9FEF0895E091A00544
:104E0000F091A105E817F90769F4A389B4899C9189
:104E10008589809589238C931092A1051092A00515
:104E200081E0089580E008954830510580F56830AC
:104E3000710568F5DC015696EC91E23049F1E330FA
:104E400091F1E13031F4E7E0F0E0E41BF50BAB0168
:104E5000BF01695F7F4F440F551FDC01A40FB51FD1
:104E60005B968D919C915C9767707727E1E0F0E00D
:104E7000AF0102C0440F551F6A95E2F7BA01232B18
:104E8000C9F0682B792B5C967C936E935B970895A1
:104E9000E7E0F0E0DF01A61BB70BBD01DF01A41BBB
:104EA000B50BAD01D6CFE7E0F0E0E61BF70BBA019A
:104EB000AF01CFCF6095709568237923E4CF089533
:104EC000FC016370668B8481958126813781613016
:104ED00039F0633029F091878087338722870895DE
:104EE000318720879387828708952F923F924F9230
:104EF0005F926F927F928F929F92AF92BF92CF926A
:104F0000DF92EF92FF920F931F93CF93DF93CDB772
:104F1000DEB76A970FB6F894DEBF0FBECDBF9A8F8B
:104F2000898F7A8369834A01D22E18870F833701CC
:104F3000BC2CDC0159962D913C915A9721153105D5
:104F400009F015C118968D919C91199768177907EA
:104F50000CF0D7C11A968D919C91481759070CF007
:104F6000D0C14C2C512CB6E0CB9E600D711D11248C
:104F70007C876B87161617060CF0C3C1EA2DF0E08C
:104F8000FA87E98793E0EE0FFF1F9A95E1F7F88B18
:104F9000EF87CF01840F951F181619060CF0B1C1C9
:104FA000A98DBA8D58968C91811104C0BFEABD15A8
:104FB00008F4D394A98DBA8DED91FC9111970284D8
:104FC000F385E02DCD011995B5E0DB9EC0011124DC
:104FD000E981FA81FC83EB83312C212C9C012A5B33
:104FE000384C388F2F8B4A2D50E05E8B4D8BEF89DC
:104FF000F88DE20DF31D44919E828D82D12CC12C3F
:1050000069817A81620D731D7A8B698B842F90E0A0
:105010009C8B8B8BE98DFA8DA081B18140FF82C082
:10502000F1E0BF126FC0AF126DC01C96ED91FC9104
:105030002F813885A4014C0D5D1D69897A89898D80
:105040009A8D1995EB89FC89F595E7954E2F5FEFC1
:10505000C51AD50A6D817E818D899E89680F791F59
:105060007E836D8398E0C916D10481F6AFEF2A1ACA
:105070003A0AEB81FC81E40DF51DFC83EB83F5E03E
:105080002F16310409F0B3CF2F8138852615370547
:10509000B9F0A98DBA8DED91FC91B1E0BB1257C06A
:1050A000AB1255C069817A816B5F7F4F0088F189AF
:1050B000E02D830128E030E0A401898D9A8D1995B7
:1050C000A98DBA8DED91FC9111970688F789E02D95
:1050D000CD016A960FB6F894DEBF0FBECDBFDF914B
:1050E000CF911F910F91FF90EF90DF90CF90BF90E5
:1050F000AF909F908F907F906F905F904F903F9078
:105100002F9019941E96ED91FC91EF80F8840985FB
:105110001A8592014D815E816B817C81898D9A8D8A
:10512000199590CF2F8138852615370509F48ACF38
:1051300031E0B31207C0A31205C01C96ED91FC919B
:10514000930178CF1E96ED91FC917301E0CF6B85B2
:105150007C85641975090684F785E02D73010F8538
:1051600018899201A401898D9A8D1995A9CFF90109
:1051700034969491329745915491D91AB7E0DB9EB9
:10518000400D511D1124F901259134913C8B2B8B3D
:10519000FA0125903490FA01329674903196349148
:1051A000398B329664903196449041E04C1518F05A
:1051B0004A1508F07FC0662D062C000C770B7C8307
:1051C0006B83842D042C000C990B9E838D83A98DF9
:1051D000BA8DED91FC9111970284F385E02DCD01FC
:1051E0001995512CD12CC12CEA2DF0E0FA87E987D2
:1051F0002B2D30E03C872B87A401440D511D47FC2B
:105200005A95588F4F8B69817A81660D711D67FCA5
:105210007A957E876D877989C71608F051CF2C2D36
:1052200030E04D815E81420F531FA985BA854A9FA8
:10523000C0014B9F900D5A9F900D1124FC01E80D69
:10524000F91DF88BEF87852D612C4F89588D420F02
:10525000531F5E8B4D8B671408F050C04424439459
:10526000480E877041F4C1010196EB89FC89E20D7B
:10527000F31DD4901C01D7FE19C0A98DBA8DED91F4
:10528000FC91662D70E0B1E0BB1219C0AB1217C0E3
:105290002D853E85620F731F0484F585E02D2F81D7
:1052A00038854D895E89898D9A8D1995DD0C6394B9
:1052B000842DD1CF1E821D821C821B8288CF4B8100
:1052C0005C81640F751FAB85BC856A9FC0016B9FB5
:1052D000900D7A9F900D112469817A81680F791F52
:1052E0000684F785E02DEF80F88409851A859D01F5
:1052F0004F855889898D9A8D1995D8CF570CC394AD
:105300008ACF6A960FB6F894DEBF0FBECDBFDF918D
:10531000CF911F910F91FF90EF90DF90CF90BF90B2
:10532000AF909F908F907F906F905F904F903F9045
:105330002F9008958F929F92AF92CF92EF92FF920B
:105340000F931F93CF93DF93EC01262F898D9A8DB6
:10535000009709F051C06A30D1F41D861C868D89F2
:1053600048E0849F900111248E859F85820F931FB2
:105370009F878E8781E090E0DF91CF911F910F9101
:10538000FF90EF90CF90AF909F908F9008956D30E9
:1053900089F3CC88AD888F898823C1F08C859D8561
:1053A00036E0C39E800D911D11244885598548170C
:1053B000590764F44E855F851D861C8638E0A39EE0
:1053C000C0011124840F951F9F878E87EA88FB8870
:1053D000088919894E855F856C857D85CE010E947F
:1053E00075272C898C859D8546E0249F800D911D15
:1053F00011249D878C87BECF6A3069F41D861C8678
:10540000FC013896E4912D898E859F85E29F800D61
:10541000911D1124ADCF6D3009F4ACCFFC01349651
:105420003491631708F4A6CF3296E491E61708F496
:10543000A1CFFC01329685909490462F431B342FC8
:1054400047E0349F800C911C1124F4013296349172
:105450003196E4913323A9F1EE2399F1CC88F4013C
:105460003596E491AD884F89442301F10E2E000C4E
:10547000FF0BE30FF11DCE9EA001CF9E500D112416
:105480006C857D85460F571F68857985641775077C
:105490006CF44E855F851D861C86FC013896E49170
:1054A000AE9E400D511D11245F874E87EA88FB8810
:1054B000088919894E855F856C857D85CE010E949E
:1054C0007527F4013496E4912C898C859D85E29FA3
:1054D000800D911D11248DCF6F927F928F929F929C
:1054E000AF92BF92CF92DF92EF92FF920F931F93F2
:1054F000CF93DF93EC016B015A0139014801E88138
:10550000F9810284F385E02D1995E881F9810288FB
:10551000F389E02D87019301A501B601CE0119950C
:10552000A501480D591D41505109E881F9810288B2
:10553000F389E02D9301B601CE011995E881F98137
:105540000088F189E02D9401A501B601CE011995DD
:10555000C60CD71CB60161507109E881F981008839
:10556000F189E02D9401A501CE011995E881F98119
:105570000688F789E02DCE01DF91CF911F910F9121
:10558000FF90EF90DF90CF90BF90AF909F908F9063
:105590007F906F9019946F927F928F929F92AF92AB
:1055A000BF92CF92DF92EF92FF920F931F93CF9310
:1055B000DF935C01EB016A01490138018701DC01DD
:1055C000ED91FC916217730719F5641675062CF0BE
:1055D000962D872D3A01C92ED82E96012619370906
:1055E0002F5F3F4F048CF58DE02DA301BE01C50157
:1055F0001995DF91CF911F910F91FF90EF90DF9060
:10560000CF90BF90AF909F908F907F906F900895B4
:105610004615570591F42617370724F0892D4B01BD
:10562000C22FD82F9E01281939092F5F3F4F068CB2
:10563000F78DE02DA601B401DACF0284F385E02DC9
:105640001995D501ED91FC910488F589E02D830130
:105650009401A601BE01C5011995D501ED91FC91FA
:105660000688F789E02DC501DF91CF911F910F9139
:10567000FF90EF90DF90CF90BF90AF909F908F9072
:105680007F906F901994EF92FF920F931F93DC011C
:105690001A960D911C911B9718962D913C91199774
:1056A000ED91FC9100A0F1A1E02D7B0150E040E0E4
:1056B00070E060E019951F910F91FF90EF900895B1
:1056C0004F925F926F927F928F929F92AF92BF9212
:1056D000CF92DF92EF92FF920F931F93CF93DF93BE
:1056E0006C012B015A0139014801DC01ED91FC915B
:1056F0000284F385E02D1995E201640C751CD60136
:10570000ED91FC91C615D7055CF40088F189E02D78
:1057100087019401A501BE01C60119952196EFCF1D
:105720000688F789E02DC601DF91CF911F910F9177
:10573000FF90EF90DF90CF90BF90AF909F908F90B1
:105740007F906F905F904F9019948F929F92AF923D
:10575000BF92CF92DF92EF92FF920F931F93CF935E
:10576000DF93EC015B014A016901E881F981028460
:10577000F385E02D199595012C0D3D1D2150310922
:10578000E881F9810488F589E02D78018401A4017C
:10579000B501CE011995E881F9810688F789E02DD8
:1057A000CE01DF91CF911F910F91FF90EF90DF908D
:1057B000CF90BF90AF909F908F9019948F929F92AF
:1057C000AF92BF92CF92DF92EF92FF920F931F930F
:1057D000CF93DF93EC015B014A0169017801E88115
:1057E000F9810284F385E02D1995C80CD91C860136
:1057F00001501109E881F9810488F589E02D9501AE
:10580000A401B501CE011995E881F9810688F789CF
:10581000E02DCE01DF91CF911F910F91FF90EF907E
:10582000DF90CF90BF90AF909F908F901994EF92A0
:10583000FF920F931F93DC01ED91FC9100A0F1A169
:10584000E02D19951F910F91FF90EF9008950F9300
:105850001F93DC01ED91FC91068CF78DE02D1995DD
:105860001F910F9108950F931F93DC01ED91FC910F
:10587000048CF58DE02D19951F910F910895DC0191
:10588000ED91FC910084F185E02D19942F923F92C7
:105890004F925F926F927F928F929F92AF92BF9240
:1058A000CF92DF92EF92FF920F931F93CF93DF93EC
:1058B00000D000D0CDB7DEB73C016A013E832D8316
:1058C000FC82EB825801A41AB50AB7FE03C0B1945A
:1058D000A194B1088D809E80861A970A97FE03C016
:1058E0009194819491088A149B045CF0902F812FED
:1058F0000D811E819D838E839C2D8D2D6B01692FC3
:10590000782F0C151D055CF09D818E817E836D8343
:10591000692F782F902F812F8601C92ED82E16013E
:10592000201A310A2B012D813E81421A530A57FE5B
:1059300003C0519441945108710137FE03C03FEFF9
:10594000E31AF30AF594E7948D819E8186179707F1
:105950005CF5A1E0B0E0BA83A983C016D1064CF192
:10596000D301ED91FC910484F585E02D2B813C81E0
:10597000A8016D817E818A149B041CF04D815E819B
:10598000B801C3011995E418F508F7FE0AC02D8186
:105990003E8189819A81280F391F3E832D83E20C35
:1059A000F31C0F5F1F4FD9CF2FEF3FEF3A832983AF
:1059B000D4CF26960FB6F894DEBF0FBECDBFDF91D1
:1059C000CF911F910F91FF90EF90DF90CF90BF90FC
:1059D000AF909F908F907F906F905F904F903F908F
:1059E0002F900895089520913705260F3327331FF0
:1059F00021323105ECF420916F0AFC0190E080E047
:105A0000243069F082E00895A09137052191AC011E
:105A1000495E5A4FA40FB52FB11D2C9301968617DE
:105A200098F380913705680F6093370580E00895FB
:105A300081E0089510926F0A81E080936E0A1092BF
:105A4000490A61E084E10E94282161E085E10E9429
:105A50002821E9EBF0E080818E7F808380818D7F3B
:105A6000808388E48093B80085E48093BC00089527
:105A70001092480A1092470A1092760A1092980AD9
:105A80000E941A2D88ED9FE19093460A8093450A63
:105A900089ED9FE19093440A8093430A0895CF9340
:105AA000DF9391E0909316058823B9F0C091B80078
:105AB000D091BA008091BC008A7B8093BC0060E0EA
:105AC00084E10E94282160E085E10E9428210E9453
:105AD0001A2DD093BA00C093B800DF91CF910895EA
:105AE0008F929F92AF92BF92CF92DF92EF92FF92EE
:105AF0000F931F93CF93DF93D091980AD13208F080
:105B0000D7C0182FC091970A0E94E5226B017C0133
:105B100080916F0A81116BC082E080936F0A1093AD
:105B20006E0A8FEF80936D0A10926C0AD0936B0A05
:105B3000A7E7BAE0EBE4FAE080E0D81391C0109256
:105B40004A0A80914A0ACC0FC82BC0934A0A809116
:105B5000490A813009F088C01092490A0E94E52262
:105B60006B017C0180914A0A8093BB008091710A8D
:105B70009091720AA091730AB091740A892B8A2BB2
:105B80008B2BA1F00E94E5220091710A1091720AFC
:105B90002091730A3091740A6C197D098E099F094E
:105BA000061717072807390708F442C08091BC0080
:105BB00083FDD8CF85EC8093BC000E94E5226B0169
:105BC0007C0180916F0A823009F450C080916D0A87
:105BD0008F3F09F46FC080916D0A803209F46CC068
:105BE00080916D0A803309F469C084E026C08091F9
:105BF000710A9091720AA091730AB091740A892B6C
:105C00008A2B8B2B09F484CF0E94E5228090710AA5
:105C10009090720AA090730AB090740A6C197D0972
:105C20008E099F0986169706A806B90608F070CF58
:105C30008091700A0E944F2D85E01092760A109292
:105C4000980A1092750ADF91CF911F910F91FF90E2
:105C5000EF90DF90CF90BF90AF909F908F9008957E
:105C60009D9191938F5F69CF85EEA5CF8091710A49
:105C70009091720AA091730AB091740A892B8A2BB1
:105C80008B2B09F49ECF0E94E5220091710A10919E
:105C9000720A2091730A3091740A6C197D098E0979
:105CA0009F09061717072807390708F08ACFC0CFC2
:105CB00081E0C3CF80E0C1CF82E0BFCF83E0BDCF22
:105CC000CF92DF92EF92FF920F931F93CF93DF93C8
:105CD000D82FC62F613208F098C00E94E5226B01D0
:105CE0007C0180916F0A81116BC081E080936F0A03
:105CF00080936E0A9FEF90936D0A10926C0A9C0F2E
:105D000090936B0A80934A0A80914A0ADD0FD82B40
:105D1000D0934A0A8091490A813009F078C01092E4
:105D2000490A0E94E5226B017C0180914A0A809316
:105D3000BB008091710A9091720AA091730AB09190
:105D4000740A892B8A2B8B2BA1F00E94E5220091EB
:105D5000710A1091720A2091730A3091740A6C19B9
:105D60007D098E099F09061717072807390708F4C8
:105D700048C08091BC0083FDD8CF85EC8093BC00E7
:105D80000E94E5226B017C0180916F0A813009F449
:105D900040C080916C0A8C1710F4C0916C0AEBE43F
:105DA000FAE0A3E2BAE080E08C1355C08C2FDF91BB
:105DB000CF911F910F91FF90EF90DF90CF900895BA
:105DC0008091710A9091720AA091730AB091740A3D
:105DD000892B8A2B8B2B09F484CF0E94E52200911A
:105DE000710A1091720A2091730A3091740A6C1929
:105DF0007D098E099F09061717072807390708F03C
:105E000070CF8091700A0E944F2DC0E0CFCF85EEF9
:105E1000B5CF8091710A9091720AA091730AB091E6
:105E2000740A892B8A2B8B2B09F4AECF0E94E522B2
:105E30000091710A1091720A2091730A3091740ACC
:105E40006C197D098E099F0906171707280739075E
:105E500008F09ACFD6CF91919D938F5FA5CFE09117
:105E6000480A8091470AE81730F4F0E0ED5DF54FFD
:105E7000808190E008958FEF9FEF08959091480AF8
:105E80008091470A2FEF3FEF981748F4E92FF0E091
:105E9000ED5DF54F208130E09F5F9093480AC90186
:105EA00008958091470A9091480A891B990B08959B
:105EB000CF92DF92EF92FF920F931F93CF93DF93D6
:105EC0007C01CB018A012091750A222389F0EB0124
:105ED0006B01C40ED51ECC15DD0569F06991D701A3
:105EE000ED91FC910190F081E02DC7011995F3CF60
:105EF000642F0E94F32CC801DF91CF911F910F9165
:105F0000FF90EF90DF90CF900895CF93DF931F9293
:105F1000CDB7DEB769832091750A2223F9F020916D
:105F2000980A203258F021E030E0FC0133832283CC
:105F300090E080E00F90DF91CF9108958091760AF4
:105F4000E82FF0E0E958F54F998190838F5F8093B7
:105F5000760A8093980A81E090E0ECCF61E0CE0170
:105F600001960E94F32CF7CF81E00C94702D0F93D3
:105F70001F93CF93DF93082F162F88E60E94CE1F22
:105F8000C7EFDBE088819981DC01ED91FC91019004
:105F9000F081E02D602F199588819981DC01ED91C8
:105FA000FC910190F081E02D612F199588819981F4
:105FB000DF91CF911F910F910C94B42F0F931F93EA
:105FC000CF93DF93EC01162F072F8A810E94CE1FFB
:105FD0008A8D9B8DDC01ED91FC910190F081E02D8B
:105FE000602F19958A8D9B8DDC01ED91FC910190BC
:105FF000F081E02D612F19958A8D9B8D0E94B42F21
:10600000882341F081E8898F80E0DF91CF911F9153
:106010000F91089581E0F9CFCF93DF93EC018A814E
:106020000E94CE1F8A8D9B8D0E94B42F282F30E0B6
:106030002115310511F084E8898F81E0232B09F0C7
:1060400080E0DF91CF910895CF93DF93EC018B81B6
:10605000882371F088810E94CE1F89819A810E94D5
:10606000B42F91E0811190E0892FDF91CF910895B5
:106070000E94382D81E08B83CE010E942430982F1E
:106080008111E8CFF1CF90E080E00895DC01ED913F
:10609000FC910190F081E02D19940F931F93CF9301
:1060A0008C01C62FFC0184810E94CE1FF8016385FC
:1060B000C62B6C2F70E08BEE9BE00E9446308BEE7F
:1060C0009BE0CF911F910F910C94B42FAF92BF9290
:1060D000DF92EF92FF920F931F93CF93DF930BEA20
:1060E00015E0C0E08CE30E94CE1F70E060E08BEE14
:1060F0009BE00E9446306C2F606B70E08BEE9BE063
:106100000E94463070E060E08BEE9BE00E944630DB
:1061100060E170E08BEE9BE00E9446308BEE9BE0EE
:106120000E94B42F7801D0E08CE30E94CE1F60E47F
:1061300070E08BEE9BE00E944630570180E1D82E44
:10614000F50161915F018BEE9BE00E94852FDA944F
:10615000D110F6CF8BEE9BE00E94B42FD05FF0E120
:10616000EF0EF11CD03801F7CF5F00581F4FC83039
:1061700009F0B8CFDF91CF911F910F91FF90EF9071
:10618000DF90BF90AF900895CF92DF92EF92FF9291
:106190000F931F93CF93DF937C01162F042FC52EEF
:1061A000613208F060E2D70112968C910E94602E55
:1061B0001092480A8093470A181313C0D02EC02F9C
:1061C000DC2D8C2F8D198117C8F4F701828D938DEA
:1061D000DC01ED91FC910284F385E02D1995899302
:1061E000F0CF82E8F701818F80E0DF91CF911F919E
:1061F0000F91FF90EF90DF90CF90089581E0F5CF61
:10620000EF92FF920F931F93CF93DF93DC011496CD
:106210002D913C912417350710F490E01DC0EA0140
:106220007B018C01FC0180810E94CE1FD801119658
:106230008D919C91DC01ED91FC910280F381E02D28
:10624000AE01B7011995C817D90739F781E00E9447
:10625000702D91E08111E1CF892FDF91CF911F91B6
:106260000F91FF90EF900895CF93DF93CDB7DEB7F6
:1062700061970FB6F894DEBF0FBECDBF1982AAE9B1
:10628000BCE0FE013196BF019C9111968C91119753
:1062900012969183828332968CE0AA3AB807A1F7CE
:1062A00041E150E08091AA0C9091AB0C0E9400312A
:1062B00061960FB6F894DEBF0FBECDBFDF91CF91D0
:1062C0000895CF93DF931F92CDB7DEB7806E898399
:1062D00041E050E0BE016F5F7F4F8091AA0C90912A
:1062E000AB0C0E9400310F90DF91CF9108950F9376
:1062F0001F93CF938C01C62F0E944D306C2F64608A
:10630000C8010E944D306C2F6B7FC8010E944D3038
:1063100083EC90E00197F1F7CF911F910F910895D1
:106320000F931F93CF93DF938C01D62FC42F607FE1
:10633000642B0E94773180E1D89FB00111246C2B2F
:10634000C801DF91CF911F910F910C94773141E0FB
:106350000E94903181E090E0089540E061E00E9469
:1063600090318BE39FE10197F1F708950F931F930D
:10637000CF93DF93EC010E94382D1D8289858230F6
:1063800010F098E09D839A85992329F0813019F4C3
:106390008D8184608D8362E370E080E090E00E94F4
:1063A000DA236B85CE010E944D3068EE73E080E009
:1063B00090E00E94DA2360E3CE010E9477310BE483
:1063C00016E4C8010197F1F760E3CE010E9477312E
:1063D000C8010197F1F760E3CE010E94773183E5B0
:1063E00092E00197F1F760E2CE010E9477316D8172
:1063F000606240E0CE010E94903184E08E8340E0F4
:106400006CE0CE010E949031CE010E94AD3182E05D
:106410008F8340E066E0CE010E94903140E062E070
:10642000CE010E9490318BE39FE10197F1F7DF915C
:10643000CF911F910F910895EBEAF5E080E094E091
:10644000DF019C011D9221503040E1F70895ACEC32
:10645000BCE011968C931197282F30E0F901E55795
:10646000F14CE4911496EC931497F901E551F14C39
:10647000E491F0E0EE0FFF1FEF58F14C25913491BD
:1064800013963C932E93129760E00C9456218F92B2
:106490009F92AF92BF92CF92DF92EF92FF92CF93F3
:1064A000DF93EC010E94E5226B017C014B015C0152
:1064B00087E0880E911CA11CB11CF89461E08091CA
:1064C000C70C0E9428218091CA0C9091CB0C0E948D
:1064D000692260E08091C70C0E9428217894809105
:1064E000C80C9091C90CC80ED91EE11CF11CF8947F
:1064F0000E94E5229B01281939092C173D0760F0FD
:106500007894DF91CF91FF90EF90DF90CF90BF9084
:10651000AF909F908F9008956C157D058E059F0517
:1065200038F3CBCFCF92DF92EF92FF928AE190E0E7
:106530009093C90C8093C80C85E090E09093CB0CAD
:106540008093CA0C61E08091C70C0E94562180E0C4
:1065500093E20E9447320E94E5226B017C0124E015
:10656000C21AD108E108F1080E94E5226C197D09E0
:106570008E099F09603C784081059105A8F380E36E
:1065800092E0FF90EF90DF90CF900C944732FC01A7
:1065900001900020E9F73197AF01481B590BBC016E
:1065A00089E99AE00C941924CF93DF930E94FC248C
:1065B000EC0188E993E00E94C7328C0F9D1FDF91A8
:1065C000CF9108952F923F924F925F926F927F9258
:1065D0008F929F92AF92BF92CF92DF92EF92FF92F3
:1065E000CF93DF9300D000D01F921F92CDB7DEB7BC
:1065F00088E60E94CE1F6BE370E08091F70B9091CC
:10660000F80B0E94463080E00E94702D6EE088E614
:106610000E94602E1092480A8093470A8091F70BDF
:106620009091F80BDC01ED91FC910284F385E02D53
:106630001995F82E8091F70B9091F80BDC01ED91F4
:10664000FC910284F385E02D199520E0822B9F298F
:106650009093FA0B8093F90B8091F70B9091F80BC4
:10666000DC01ED91FC910284F385E02D1995F82E63
:106670008091F70B9091F80BDC01ED91FC91028475
:10668000F385E02D199520E0822B9F299093FC0B38
:106690008093FB0B8091F70B9091F80BDC01ED914F
:1066A000FC910284F385E02D1995F82E8091F70B6B
:1066B0009091F80BDC01ED91FC910284F385E02DC3
:1066C000199520E0822B9F299093FE0B8093FD0B60
:1066D0008091F70B9091F80BDC01ED91FC91028415
:1066E000F385E02D1995F82E8091F70B9091F80B1A
:1066F000DC01ED91FC910284F385E02D199520E0F9
:10670000822B9F299093000C8093FF0B8091F70BB5
:106710009091F80BDC01ED91FC910284F385E02D62
:106720001995F82E8091F70B9091F80BDC01ED9103
:10673000FC910284F385E02D199520E0822B9F299E
:106740009093020C8093010C8091F70B9091F80BC1
:10675000DC01ED91FC910284F385E02D1995F82E72
:106760008091F70B9091F80BDC01ED91FC91028484
:10677000F385E02D199520E0822B9F299093040C3E
:106780008093030C8091F70B9091F80BDC01ED9155
:10679000FC910284F385E02D1995F82E8091F70B7A
:1067A0009091F80BDC01ED91FC910284F385E02DD2
:1067B0001995612C7F2C682A792A7092060C6092B8
:1067C000050C6091FF0B7091000C072E000C880BDC
:1067D000990B0E94575720E030EF41E456E40E94A5
:1067E000E85820E030E04AEA53E40E94C65960933A
:1067F000130C7093140C8093150C9093160C6091ED
:10680000F90B7091FA0B072E000C880B990B0E9464
:10681000575720E030E040E858E30E94B6574B015C
:106820005C018092170C9092180CA092190CB092F7
:106830001A0C6091FB0B7091FC0B072E000C880B5F
:10684000990B0E94575720E030E040E858E30E943F
:10685000B6576B017C01C0921B0CD0921C0CE092CD
:106860001D0CF0921E0C6091FD0B7091FE0B072E1B
:10687000000C880B990B0E94575720E030E040E84D
:1068800058E30E94B6571B012C0120921F0C309236
:10689000200C4092210C5092220C20E030E0A90103
:1068A000C501B4010E94955AA501940118160CF077
:1068B0005058C201B1010E94E8589B01AC01C701C8
:1068C000B6010E94675920E030E044EB53E40E9497
:1068D000B65720E030E040E05FE30E94B6572BED72
:1068E0003FE049E450E40E94C65960933B0C70932A
:1068F0003C0C80933D0C90933E0C20E030E0A901CD
:10690000C701B6010E94955A181624F0F7FAF094C0
:10691000F7F8F094A7019601C201B1010E94E8586E
:106920009B01AC01C501B4010E94675920E030E031
:1069300044EB53E40E94B65720E030E040E05FEBC8
:106940000E94B6572BED3FE049E450E40E94C6593F
:1069500060933F0C7093400C8093410C9093420CD9
:106960006091030C7091040C072E000C880B990B9E
:106970000E94575720E030E043E852E40E94C65995
:106980006B017C016091010C7091020C072E000CD0
:10699000880B990B0E94575720E030E043E852E4FF
:1069A0000E94C6592091070C3091080C4091090CA7
:1069B00050910A0C0E94E7586093230C7093240CAA
:1069C0008093250C9093260C20910B0C30910C0C8D
:1069D00040910D0C50910E0CC701B6010E94E75872
:1069E0006093270C7093280C8093290C90932A0CA9
:1069F000B301770C880B990B0E94575720E030E0C9
:106A000043E852E40E94C65920910F0C3091100CBB
:106A10004091110C5091120C0E94E75860932B0C7E
:106A200070932C0C80932D0C90932E0C0E940D24AF
:106A3000C090570CD090580CE090590CF0905A0C24
:106A40006C197D098E099F090E9455572FE632E186
:106A500043E85AE30E94B6576B017C01C092530C85
:106A6000D092540CE092550CF092560C2091230CCD
:106A70003091240C4091250C5091260C0E94B65761
:106A80002B013C01AC019B0160912F0C7091300CEB
:106A90008091310C9091320C0E94E85860932F0C39
:106AA0007093300C8093310C9093320C2091270C12
:106AB0003091280C4091290C50912A0CC701B60145
:106AC0000E94B6574B015C01AC019B016091330CF5
:106AD0007091340C8091350C9091360C0E94E858DE
:106AE0006093330C7093340C8093350C9093360C78
:106AF00020912B0C30912C0C40912D0C50912E0C90
:106B0000C701B6010E94B6572091370C3091380C5E
:106B10004091390C50913A0C0E94E8586D837E8365
:106B20008F8398876093370C7093380C8093390C5F
:106B300090933A0CC0905F0CD090600CE090610C88
:106B4000F090620C80915B0C90915C0CA0915D0CBC
:106B5000B0915E0C89839A83AB83BC832091470CF0
:106B60003091480C4091490C50914A0CC301B2013C
:106B70000E94E858A70196010E94B6572B013C01DC
:106B800020913B0C30913C0C40913D0C50913E0CBF
:106B900069817A818B819C810E94B6579B01AC01EF
:106BA000C301B2010E94E8586093470C7093480CEF
:106BB0008093490C90934A0C20914B0C30914C0CD3
:106BC00040914D0C50914E0CC501B4010E94E85803
:106BD000A70196010E94B6576B017C0120913F0CE2
:106BE0003091400C4091410C5091420C69817A8166
:106BF0008B819C810E94B6579B01AC01C701B601F5
:106C00000E94E85860934B0C70934C0C80934D0C91
:106C100090934E0C8D819E81AF81B88580934F0CEF
:106C20009093500CA093510CB093520C0E940D24E1
:106C30006093570C7093580C8093590C90935A0C96
:106C400028960FB6F894DEBF0FBECDBFDF91CF916F
:106C5000FF90EF90DF90CF90BF90AF909F908F907C
:106C60007F906F905F904F903F902F900895CF93BB
:106C7000DF9367EA73E090E080E00E941A57EC012E
:106C80000097A9F064E474E00E94045C892BA1F0F1
:106C900069EE74E0CE010E94045C892B69F069EA18
:106CA00073E0CE010E94045C21E0892B09F020E012
:106CB000822FDF91CF91089521E0FACF67EA73E048
:106CC00090E080E00E941A57009711F00C94EA5669
:106CD00090E080E008950E94F85B85ED8093BC0011
:106CE0008091710A9091720AA091730AB091740A0E
:106CF0000796A11DB11D23E0B695A7959795879599
:106D00002A95D1F72091BC0024FD03C010926F0A90
:106D100008954091710A5091720A6091730A7091BE
:106D2000740A452B462B472B69F30097A105B10543
:106D300041F02AE22A95F1F700C00197A109B109B3
:106D4000E1CF8091700A0C944F2D1F920F920FB6D5
:106D50000F9211242F933F938F939F93AF93BF93E1
:106D600080911B0A90911C0AA0911D0AB0911E0AE5
:106D700030911A0A23E0230F2D3758F50196A11DF3
:106D8000B11D20931A0A80931B0A90931C0AA093AA
:106D90001D0AB0931E0A80911F0A9091200AA091AB
:106DA000210AB091220A0196A11DB11D80931F0AEC
:106DB0009093200AA093210AB093220ABF91AF9129
:106DC0009F918F913F912F910F900FBE0F901F9029
:106DD000189526E8230F0296A11DB11DD2CF1F9250
:106DE0000F920FB60F9211240BB60F922F933F9371
:106DF0004F935F936F937F938F939F93AF93BF93C3
:106E0000EF93FF9389E99AE00E948D24FF91EF911F
:106E1000BF91AF919F918F917F916F915F914F91B2
:106E20003F912F910F900BBE0F900FBE0F901F90B0
:106E300018951F920F920FB60F9211240BB60F9256
:106E40002F938F939F93EF93FF93E091A90AF09173
:106E5000AA0A8081E091AF0AF091B00A82FD1DC0BC
:106E600090818091B20A8F5F8F732091B30A82174D
:106E700041F0E091B20AF0E0E756F54F958F80932C
:106E8000B20AFF91EF919F918F912F910F900BBEBE
:106E90000F900FBE0F901F9018958081F2CF1F9218
:106EA0000F920FB60F9211240BB60F922F933F93B0
:106EB0004F935F936F937F938F939F93AF93BF9302
:106EC000EF93FF9348E251E064E271E090E080E0EC
:106ED0000E946825FF91EF91BF91AF919F918F9193
:106EE0007F916F915F914F913F912F910F900BBECA
:106EF0000F900FBE0F901F9018951F920F920FB614
:106F00000F9211240BB60F922F933F934F935F93E1
:106F10006F937F938F939F93AF93BF93EF93FF9361
:106F200048EA50E064EA70E083E090E00E9468255F
:106F3000FF91EF91BF91AF919F918F917F916F9151
:106F40005F914F913F912F910F900BBE0F900FBE0D
:106F50000F901F9018951F920F920FB60F92112449
:106F60000BB60F922F933F934F935F936F937F9343
:106F70008F939F93AF93BF93EF93FF9348E950E0B4
:106F800064E970E082E090E00E946825FF91EF9153
:106F9000BF91AF919F918F917F916F915F914F9131
:106FA0003F912F910F900BBE0F900FBE0F901F902F
:106FB00018951F920F920FB60F9211240BB60F92D5
:106FC0002F933F934F935F936F937F938F939F93F1
:106FD000AF93BF93EF93FF9348E850E064E870E00D
:106FE00081E090E00E946825FF91EF91BF91AF9101
:106FF0009F918F917F916F915F914F913F912F91D1
:107000000F900BBE0F900FBE0F901F9018951F9200
:107010000F920FB60F9211240BB60F922F933F933E
:107020004F935F936F937F938F939F93AF93BF9390
:10703000EF93FF93E091A005F091A105309749F0FF
:10704000A685B7858585968D91FF16C09C9189236D
:10705000B1F4FF91EF91BF91AF919F918F917F918B
:107060006F915F914F913F912F910F900BBE0F90B9
:107070000FBE0F901F9018959C91892351F7A389FB
:10708000B4899C918589809589238C938689978979
:107090000197F1F7608D718DA685B785558538E02C
:1070A00020E0CB010197F1F7822F90E0959587952D
:1070B000282F4C91452309F02068315091F7868D97
:1070C00081FD209580919F0590E001968F7399270F
:1070D00030919E05381799F0A0919F05B0E0A65A0F
:1070E000BA4F2C9380939F05828D938D0197F1F772
:1070F000A389B4898C919589892B8C93AACF868D8D
:107100008160868FF1CF1F920F920FB60F921124DC
:107110000BB60F922F933F934F935F936F937F9391
:107120008F939F93AF93BF93EF93FF938091B90099
:10713000887F803609F44DC008F040C0883209F4D9
:10714000A9C028F5803109F49DC0C8F4882309F44A
:10715000FBC0883009F496C0FF91EF91BF91AF91C9
:107160009F918F917F916F915F914F913F912F915F
:107170000F900BBE0F900FBE0F901F901895883187
:1071800009F488C0803241F780936D0A14C08034BE
:1071900009F49DC040F48033B9F38833E9F6809355
:1071A0006D0A85ECB0C0803509F485C0883509F4D6
:1071B00096C0883489F60E946D36CECF883909F49E
:1071C0008CC038F5883729F050F4883611F08037B4
:1071D00019F683E080936F0A1092590557C08838DA
:1071E00009F47BC0803919F0803809F0B5CF80915F
:1071F0005905803208F071C0E091590581E08E0F89
:10720000809359058091BB00F0E0E75CFA4F8083E2
:107210003DC0803B39F0E0F4803A09F479C0883A07
:1072200009F09ACF84E080936F0A1092380510928B
:107230003705E091450AF091460A19958091370586
:1072400081110FC081E0809337051092170509C0A6
:10725000803C09F4A6CF883C09F4A3CF883B09F011
:107260007BCFE091380581E08E0F80933805F0E008
:10727000E95EFA4F80818093BB0090913805809140
:10728000370529C080914A0A8093BB0085EC809322
:10729000BC0062CF90916C0A80916B0A981758F5E8
:1072A000E0916C0A81E08E0F80936C0AF0E0E55B60
:1072B000F54F8081E9CFE0916C0A81E08E0F8093D9
:1072C0006C0A8091BB00F0E0E55BF54F8083909104
:1072D0006C0A80916B0A9817C8F285E8D8CFE091C4
:1072E0006C0A81E08E0F80936C0A8091BB00F0E005
:1072F000E55BF54F808380916E0A81115CCF81E060
:107300008093490A84EA8093BC0010926F0A24CFCC
:1073100085EC8093BC0010926F0A809159058032F1
:1073200030F4E0915905F0E0E75CFA4F108260918B
:10733000590570E0E091430AF091440A89E395E031
:1073400019951092590508CF10926D0A34CF1F92EB
:107350000F920FB60F9211240BB60F922F933F93FB
:107360004F935F936F937F938F939F93AF93BF934D
:10737000EF93FF93E091CE0CF091CF0C4081809180
:10738000D00C48238091D10C9091D20C2091D10C3B
:107390003091D20C2F3F3F4F29F001969093D20CA1
:1073A0008093D10C2091CC0C211118C041115DC0EB
:1073B000813A910570F01092D50C9093D90C80937E
:1073C000D80C81E090E09093D70C8093D60C8093FA
:1073D000CC0C1092D20C1092D10C47C02130D1F4B9
:1073E000442309F442C02091D60C3091D70CA90156
:1073F0004F5F5F4F5093D70C4093D60C2453334FBD
:107400008F3F910519F010F08FEF90E0F90186871A
:1074100082E0DDCF223009F04AC02091D60C3091B5
:10742000D70C813A910520F42D3EF2E03F0780F120
:107430002E3E52E0350718F081E08093D50C809104
:10744000D80C9091D90C9093DA0F8093D90F309388
:10745000D80F2093D70F83E08093CC0CE091D30C0E
:10746000F091D40C309709F01995FF91EF91BF91ED
:10747000AF919F918F917F916F915F914F913F91CC
:107480002F910F900BBE0F900FBE0F901F9018956D
:107490004111EBCFA9014F5F5F4F5093D70C409341
:1074A000D60C2453334FF901868781E090CF2330E7
:1074B000E1F6442309F48DCFD8CFCF92DF92EF923B
:1074C000FF920F931F93E82FF92F05C00150110968
:1074D0002109310961F1908196239417B9F305C010
:1074E000015011092109310911F19081962394135A
:1074F000F7CFC12CD12CE12CF12C0AC08FEFC81A88
:10750000D80AE80AF80A0C151D052E053F0579F082
:1075100080818623841791F36C2D7D2D8E2D9F2DD8
:107520001F910F91FF90EF90DF90CF90089560E052
:1075300070E080E090E01F910F91FF90EF90DF905E
:10754000CF900895863308F0865320917B00982FC2
:107550009870277F922B90937B0087708064809334
:107560007C0080917A00806480937A0080917A0018
:1075700086FDFCCF809178009091790008958091EC
:10758000AF0C9091B00C0C946922CF93DF93CCEAAE
:10759000DCE061E089810E9456210E94BF3A60E0F0
:1075A00088810E9456210E94BF3A60E089810E9432
:1075B0005621DF91CF910C94BF3A0F931F93CF9335
:1075C000DF93D82FC8E061E08091AC0C0E94562177
:1075D0000E94BF3A0D2F10E060E0D0FF61E0809183
:1075E000AD0C0E9456210E94BF3A60E08091AC0C25
:1075F0000E9456210E94BF3A15950795D02FC15081
:1076000011F761E08091AC0C0E94562160E08091FE
:10761000AD0C0E9456210E94BF3A60E08091AC0CF4
:107620000E9456210E94BF3A8091AD0C0E94FF201B
:10763000C82F811105C061E08091AD0C0E945621D8
:107640000E94BF3A61E08091AC0C0E9456210E94DA
:10765000BF3A81E0C11101C080E0DF91CF911F915D
:107660000F91089561E08091AD0C0E9456210C9419
:10767000BF3A0F931F93CF93DF938C010E94323B4D
:1076800080E40E94DD3A0E94C53A0E94323B80ECC1
:107690000E94DD3AE8010C5F1F4F89910E94DD3A9C
:1076A000C017D107D1F70E94C53A0E94323B8091A2
:1076B000AE0C8F7080580E94DD3ADF91CF911F9100
:1076C0000F910C94C53AAF92BF92CF92DF92EF9296
:1076D000FF920F931F93CF93DF9300D01F92CDB7EC
:1076E000DEB79B01D12C87FF03C08195DD24D394A5
:1076F00021153105C1F419821A821B828FE38C8314
:10770000CE0101960E94393B0F900F900F900F9081
:10771000DF91CF911F910F91FF90EF90DF90CF906D
:10772000BF90AF900895BE016F5F7F4F7B015E01F8
:1077300073E0A71AB108F701082F880F110B80E436
:10774000C82EC901B8010E94B75ADC01982F8111D7
:1077500009C02115310531F41382DD2059F0C382AF
:10776000D12C08C0A45EBC4F8C918383911102C0C0
:10777000232B99F39B013197AE16BF0611F74423D3
:1077800009F4BECF21E030E02C0F3D1F2C5F3F4FAE
:10779000F70191917F013197842F8078892B808325
:1077A000440FE216F306A1F7ABCF682F89E99AE000
:1077B0000C94AF246EE78CEC9BE00E943A266FEFAE
:1077C0008CEC9BE00E943A2666E08CEC9BE00E94E9
:1077D0003A266EE08CEC9BE00E943A2660E08CEC4E
:1077E0009BE00E943A2660E08CEC9BE00E943A26E7
:1077F00060E08CEC9BE00E943A266FEE8CEC9BE004
:107800000E943A2664E170E080E090E00C94DA2374
:10781000CF92DF92FF920F931F93CF93DF936C0170
:10782000F12C10E000E0D0E0C0E0FF0C209711F454
:10783000F601F490F7FE08C021E030E0A801BE0197
:107840008FE79CE00E943F2C2196C830D10569F754
:107850000F5F1F4FFFEFCF1ADF0A0830110519F72E
:10786000DF91CF911F910F91FF90DF90CF900895FE
:1078700080389105F8F460347105E0F4FB0123E0F1
:10788000F595E7952A95E1F7F695FE2FEE27F79502
:10789000E795E80FF91F6770772781E090E001C056
:1078A000880F6A95EAF7E555FA4F2081452B19F0C4
:1078B000822B8083089580958223FBCF2F923F9265
:1078C0004F925F926F927F928F929F92AF92BF92F0
:1078D000CF92DF92EF92FF920F931F93CF93DF939C
:1078E00000D01F92CDB7DEB77C017C836B834A0149
:1078F00039018A01081B190B17FF03C01195019567
:10790000110944244A94542CE814F9041CF4442426
:107910004394512C63012B813C81C21AD30AD7FEB8
:1079200003C0D194C194D108882799278C199D0947
:107930009A8389832B813C8122242A94322C261518
:1079400037051CF422242394312C5801AC18BD08AF
:1079500041E050E06B817C81C7010E94383C8E146D
:107960009F0429F48B819C8168167906C1F0C501BA
:10797000880F991F29813A81821793073CF0AC1830
:10798000BD08E40CF51C0817190714F3A00EB11E6E
:107990008B819C81820D931D9C838B83D9CF0F900B
:1079A0000F900F900F90DF91CF911F910F91FF904B
:1079B000EF90DF90CF90BF90AF909F908F907F908F
:1079C0006F905F904F903F902F9008954F925F92ED
:1079D0006F927F928F929F92AF92BF92CF92DF92DF
:1079E000EF92FF920F931F93CF93DF93562E472E64
:1079F00020E1429FE0011124CA5BDD4F4C013C01B4
:107A000088E0680E711CFE01A4903896E491052D63
:107A1000142DF12CE12CB12CCE2ED12CA5010E2C45
:107A200002C0559547950A94E2F741705527B80171
:107A3000C4010E94383CA6010E2C02C05595479502
:107A40000A94E2F741705527B801685F7F4FC4017F
:107A50000E94383CFFEFEF1AFF0A0F5F1F4F28E02C
:107A6000E216F104D9F621968FEF881A980A861447
:107A7000970449F6DF91CF911F910F91FF90EF90FE
:107A8000DF90CF90BF90AF909F908F907F906F903E
:107A90005F904F9008952F923F924F925F926F9216
:107AA0007F928F929F92AF92BF92CF92DF92EF928E
:107AB000FF920F931F93CF93DF93CDB7DEB7A497B9
:107AC0000FB6F894DEBF0FBECDBF2C013B015CA307
:107AD0004BA38C01312C212CEBA1FCA1E20DF31D59
:107AE0004081442309F4FBC047FD17C02FEF221A41
:107AF000320A4A3029F430E1630E711C8201ECCF66
:107B0000B301C8010E94E63C085F1F4F0937110509
:107B10001CF320E1620E711CF1CF4F7080E4489F8E
:107B20009001112481818F73282BB6E0220F331F1F
:107B3000BA95E1F782818F73282B3C5A243A9BE255
:107B4000390708F0B8C0C9016CE170E00E94B75A6B
:107B5000FB016C01482FC9016CE472E00E94B75A26
:107B600021E0260FCF0165E170E00E94B75A8F5FD8
:107B700090E0FC01C110A5C0E65BFD4F3081BB2445
:107B8000B394213009F4B12C5C2D622F70E0E4E154
:107B90003E9F600D711D1124E5E0660F771FEA9589
:107BA000E1F79E012F5F3F4F7901D90130E020E0DE
:107BB0006A5B754FFB01E20FF31FE491ED932F5FBA
:107BC0003F4F20323105B1F736E1B39E800D911D54
:107BD000112435E0880F991F3A95E1F7D70130E07D
:107BE00020E08A5B914EFC01E20FF31F6491EC915F
:107BF000E62BED932F5F3F4F20323105A1F7442351
:107C0000E1F0C601ECE15E9F800D911D112425E09D
:107C1000880F991F2A95E1F7D70130E020E08A5BB1
:107C2000964DFC01E20FF31F4491EC91E42BED9390
:107C30002F5F3F4F20323105A1F758019701205F98
:107C40003F4F3AA329A34301D12CC12CF701408116
:107C500050E00C2C02C0559547950A94E2F741700C
:107C60005527B401C5010E94383CF701408950E016
:107C70000C2C02C0559547950A94E2F741705527A0
:107C8000B401685F7F4FC5010E94383CFFEFCF1AF7
:107C9000DF0A2FEF821A920A38E0C316D104B1F638
:107CA0008FEFE81AF80A9FEFA91AB90AE9A1FAA119
:107CB000EE15FF0541F6F3E02F0E311C005F1F4F5C
:107CC00025CFEC5CFD4F3081A2E0BA2E213011F0BF
:107CD000F3E0BF2EFC01E25EFD4F508156CFA4962B
:107CE0000FB6F894DEBF0FBECDBFDF91CF911F91CD
:107CF0000F91FF90EF90DF90CF90BF90AF909F904B
:107D00008F907F906F905F904F903F902F9008954D
:107D10001F93CF93DF9300D000D0CDB7DEB766E1DD
:107D200074E283E69CE00E94DE2F182F882389F1FD
:107D300064E070E080E090E00E94DA23AE014F5FE3
:107D40005F4F66E083E69CE00E94C430182F8823D2
:107D500001F1898190E0982F88272A81820F911D57
:107D600090937B0C80937A0C8C8190E0982F8827DD
:107D70002D81820F911D9093790C8093780C0E9435
:107D80000D246093670C7093680C8093690C90933A
:107D90006A0C812F26960FB6F894DEBF0FBECDBFBA
:107DA000DF91CF911F910895CF93DF9300D000D042
:107DB0001F921F92CDB7DEB728E0E6E1F2E0DE01C8
:107DC000119601900D922A95E1F7FC012185241767
:107DD00010F44FEF420F50E0440F551F21E030E008
:107DE0002C0F3D1F420F531FFA012081620F606864
:107DF00040E028960FB6F894DEBF0FBECDBFDF91EE
:107E0000CF910C9490318F929F92AF92BF920F932B
:107E10001F93CF93DF93CDB7DEB7A1970FB6F8943A
:107E2000DEBF0FBECDBF19A2423008F44AE08E017A
:107E30000F5D1F4F842E912CB12CA12CA501940114
:107E40000E948458E62FB901CA01EA30F4F4E05DDB
:107E5000D801EE938D01232B242B252B79F790E06D
:107E600080E0109719F0CD010E94C732A1960FB69D
:107E7000F894DEBF0FBECDBFDF91CF911F910F9160
:107E8000BF90AF909F908F900895E95CE1CFCF9223
:107E9000DF92EF92FF92CF93DF936C01990FEE0880
:107EA000FF08F7FE17C08DE20E94D53BEC01662764
:107EB0007727CB016C197D098E099F094AE00E9442
:107EC000033F8C0F9D1FDF91CF91FF90EF90DF90CC
:107ED000CF9008954AE0C701B601DF91CF91FF909E
:107EE000EF90DF90CF900C94033FCF92DF92EF9210
:107EF000FF92CF93DF936C01990FEE08FF08F7FE16
:107F00001DC08DE20E94D53BEC0166277727CB018F
:107F10006C197D098E099F094AE00E94033FC80F32
:107F2000D91F88E993E00E94C7328C0F9D1FDF9113
:107F3000CF91FF90EF90DF90CF9008954AE0C70176
:107F4000B6010E94033FEC01ECCF4F925F926F921B
:107F50007F928F929F92AF92BF92CF92DF92EF92D9
:107F6000FF920F931F93CF936B017C01742EAC0192
:107F70009B010E94A65A882399F08BE993E0CF9148
:107F80001F910F91FF90EF90DF90CF90BF90AF9037
:107F90009F908F907F906F905F904F900C94C7321E
:107FA00046015701E894B7F82FEF3FEF4FE75FE73F
:107FB000C501B4010E94A65A81110DC02FEF3FEFF9
:107FC0004FE75FE7C501B4010E94505718161CF433
:107FD0008FE993E0D4CF2FEF3FEF4FE75FE4C70186
:107FE000B6010E94955A18161CF483EA93E0C7CF95
:107FF0002FEF3FEF4FE75FECC701B6010E945057EC
:1080000087FDF3CF20E030E0A901C701B6010E944F
:10801000505710E000E087FF08C08DE20E94D53B7A
:108020008C01F7FAF094F7F8F094C0E060E070E0AB
:1080300080E09FE37C1641F020E030E040E251E434
:108040000E94C659CF5FF6CFA70196010E94E8585B
:108050002B013C010E943F5A4B015C014AE00E9407
:10806000033F7C01E00EF11ECC23B1F1C501B40148
:108070000E9455579B01AC01C301B2010E94E75811
:108080004B015C018EE20E94D53BE80EF91EC15007
:1080900018F120E030E040E251E4C501B4010E9453
:1080A000B6572B013C010E943F5A4B01B12CA12C29
:1080B0004AE0C501B4010E94033FE80EF91EC50164
:1080C000B4010E9455579B01AC01C301B2010E944B
:1080D000E7584B015C01DBCFC701CF911F910F9196
:1080E000FF90EF90DF90CF90BF90AF909F908F90D8
:1080F0007F906F905F904F900895CF93DF930E9491
:10810000A53FEC0188E993E00E94C7328C0F9D1FC8
:10811000DF91CF910895CF93DF93FC01009721F475
:10812000DF91CF910895FD01EF01DF018D91803244
:10813000D1F38232B1F480E09191992321F092320F
:10814000D9F78F5FF9CF823061F4219662E270E057
:10815000CE010E940D5C009719F3FC011082CE0144
:10816000DFCF90E080E0DCCF10929C0A10929B0A57
:1081700088EE93E0A0E0B0E080939D0A90939E0A81
:10818000A0939F0AB093A00A20E333E030939A0AA9
:108190002093990A25EC30E03093A60A2093A50A93
:1081A00024EC30E03093A80A2093A70A20EC30E0BA
:1081B0003093AA0A2093A90A21EC30E03093AC0A4C
:1081C0002093AB0A22EC30E03093AE0A2093AD0A44
:1081D00026EC30E03093B00A2093AF0A1092B20A36
:1081E0001092B30A1092B40A1092B50A1092EE0BD4
:1081F0001092ED0B8093EF0B9093F00BA093F10B8B
:10820000B093F20B82E493E09093EC0B8093EB0B32
:1082100080E00E9427321092C70C1092B20C10928C
:10822000B90C1092C00C1092C10C1092C20C10929A
:10823000C30C81E08093BF0C8093BC0C1092BD0CEA
:1082400092E09093BE0C8093B10C80E390E0909309
:10825000B60C8093B50C0E94D35A9093BB0C8093BC
:10826000BA0C009709F462C120E3FC0111922A952F
:10827000E9F780E190E09093B40C8093B30C80E137
:1082800090E09093B80C8093B70C8091B20C882347
:1082900041F061E080E10E94562160E080E10E94AF
:1082A0002821EBEFFEE3E491F0E0EE0FFF1FEF5229
:1082B000F14C859194919093C50C8093C40CEBE99B
:1082C000FEE3E491E093C60C8DE18093AC0C8EE16B
:1082D0008093AD0C84E690E09093B00C8093AF0C4B
:1082E00060E08DE10E94562160E08091AD0C0E941B
:1082F000562160E08091AC0C0E94282160E08091C2
:10830000AD0C0E9428211092AB0C1092AA0C109276
:10831000820C1092810C88E090E09093840C809302
:10832000830C9093860C8093850C9093880C80939B
:10833000870C90938A0C8093890C1092950C109264
:108340008C0C10928B0C10928E0C10928D0C61E0A4
:108350006093940C6093930C8FEF9FEF9093920C2B
:108360008093910C9093900C80938F0C6093960C5B
:108370001092970C1092990C1092980C80E793E051
:108380009093800C80937F0C86E693E09093640C2E
:108390008093630C10927E0C10927D0C1092650CF1
:1083A0001092670C1092680C1092690C10926A0C73
:1083B00010927B0C10927A0C1092790C1092780C1F
:1083C0001092660C10926F0C1092700C1092710C3F
:1083D0001092720C1092730C1092740C1092750C17
:1083E0001092760C1092770C10927C0C8BEE9BE026
:1083F0009093F80B8093F70B8AE097EDA3EABCE328
:1084000080935B0C90935C0CA0935D0CB0935E0C1E
:1084100088E491EEAAE7BFE380935F0C9093600C31
:10842000A093610CB093620C1092CF0B1092CE0B04
:1084300088EE93E0A0E0B0E08093D00B9093D10B56
:10844000A093D20BB093D30B84E593E09093CD0B24
:108450008093CC0B1092E30B1092E20B1092E50B81
:108460001092E40B1092E70B1092E60B1092E90BBE
:108470001092E80B8091EA0B8E7F8D7F8093EA0B40
:108480008695817068278EE00E94282161E08EE049
:108490000E945621E9E9FEE3E491E093DC0BE9EF69
:1084A000FEE3E491F0E0EE0FFF1FEF52F14C8591F7
:1084B00094919093DE0B8093DD0B60E08FE00E943F
:1084C00056218091EA0B81FD04C061E08FE00E949B
:1084D00028218FE08093D80BEAE9FEE3E491E09352
:1084E000D90BEAEFFEE3E491F0E0EE0FFF1FEF5847
:1084F000F14C859194919093DB0B8093DA0B8091F2
:10850000C60B8033E0F491E0980F9093C60B8093F4
:10851000C70B90E0FC01EE0FFF1FE80FF91FEA5CAC
:10852000F44F88EB9BE09283818308951092B60C00
:108530001092B50C1092B40C1092B30CA0CE8FEF29
:108540008093C70B0895CF93DF93CDB7DEB7A7977E
:108550000FB6F894DEBF0FBECDBF789484B58260AD
:1085600084BD84B5816084BD85B5826085BD85B5D7
:10857000816085BD80916E00816080936E00109255
:1085800081008091810082608093810080918100D0
:108590008160809381008091800081608093800061
:1085A0008091B10084608093B1008091B0008160BF
:1085B0008093B000809191008260809391008091BF
:1085C0009100816080939100809190008160809300
:1085D00090008091A10082608093A1008091A10011
:1085E00081608093A1008091A00081608093A000B1
:1085F000809121018260809321018091210181601D
:1086000080932101809120018160809320018091DD
:108610007A00846080937A0080917A0082608093EF
:108620007A0080917A00816080937A0080917A004C
:10863000806880937A001092C100E091A90AF091BD
:10864000AA0A12E01083E091A50AF091A60A10820E
:10865000E091A70AF091A80A00E100831092B10A04
:10866000E091AD0AF091AE0A86E08083E091AB0A1A
:10867000F091AC0A808180618083E091AB0AF09137
:10868000AC0A808188608083E091AB0AF091AC0AEB
:10869000808180688083E091AB0AF091AC0A808190
:1086A0008F7D808361E08CE20E94562161E08DE243
:1086B0000E94562161E08EE20E94562161E08CE02A
:1086C0000E94562161E088E00E94562161E08BE023
:1086D0000E94562161E08AE00E94562161E089E013
:1086E0000E94562161E089E10E94562160E08AE102
:1086F0000E94562160E088E10E94562162E086E1F6
:108700000E94562162E087E10E9456210E94382D86
:108710008CE08093B8008CE090E00E94D35AFC017A
:108720001382128284E692E09183808380E28483C4
:1087300000871187128618E01387F093AA05E0934B
:10874000A905CF010E94B6318091A9059091AA0593
:10875000DC011B961C9360E00E944D308091A905BE
:108760009091AA050E94AD318091B70C9091B80C00
:1087700097FD6CC261E00E94562160E08091B70CC9
:108780000E94282181E08093B20C80E50E94ED1FB9
:108790004091B50C5091B60C70E060E08091BA0C3D
:1087A0009091BB0C0E94FD5B0E940A238DE0809398
:1087B000AE0C0E94382D8CE08093B8008CE30E94B0
:1087C000CE1F06E41CE3A2E6EA2EACE3FA2EF80183
:1087D000D4908CE30E94CE1F70E060E08BEE9BE0B3
:1087E0000E9446306D2D8BEE9BE00E94852F8BEE14
:1087F0009BE00E94B42F0F5F1F4FE016F10639F780
:108800000E941C320E9466308091AA0C9091AB0CA1
:10881000009711F00E946F5B86E090E00E94D35AAF
:108820008C0180E7D8018C938BEE9BE012969C9391
:108830008E93119713961C92139780E290E01596F1
:108840009C938E9314971093AB0C0093AA0C0E94E8
:10885000382D81E0F8018383C8010E9424308823E9
:1088600009F181E28D8B41E050E0BE016B5E7F4FEC
:108870008091AA0C9091AB0C0E9400310E94DA1FEB
:108880000E94343181E8898341E050E0BE016F5F8E
:108890007F4F8091AA0C9091AB0C0E9400318FE029
:1088A0000E94613188E00E9461310E94DA1F0E94BB
:1088B000343184E48093650C8BEE9BE090937E0CC6
:1088C00080937D0C0E94382D62EA70E383E69CE081
:1088D0000E94DE2F882331F061E070E080E090E0BC
:1088E0000E94DA2360E089E10E94B72F60E08AE10C
:1088F0000E94B72F68E08BE10E94B72F60E08CE107
:108900000E94B72F61E08BE60E94B72F0E94E232EF
:1089100010922F0C1092300C1092310C1092320CDD
:108920001092330C1092340C1092350C1092360CBD
:1089300080913B0C90913C0CA0913D0CB0913E0C71
:108940008093470C9093480CA093490CB0934A0C29
:1089500080913F0C9091400CA091410CB091420C41
:1089600080934B0C90934C0CA0934D0CB0934E0CF9
:108970000E940D246093570C7093580C8093590CEF
:1089800090935A0C1092E70B1092E60B1092E50BA5
:108990001092E40B1092E30B1092E20B8DE991E040
:1089A0009093E90B8093E80B8091D80B96EF980F8A
:1089B000943048F02EEC280F243028F022EC280FB9
:1089C000283008F061C02DEB30E03093E30B2093AA
:1089D000E20B2BE931E03093E50B2093E40B2CE222
:1089E00031E03093E70B2093E60B943050F02EECFF
:1089F000280F243030F022EC280FF0E0E0E028309F
:108A000010F4E8E6F0E02081943028F032EC380FE2
:108A1000383008F41EC131E0232B943048F09EEC2E
:108A2000980F943028F08E53F0E0E0E0883010F496
:108A3000E8E6F0E020832091D80B36EF320F343097
:108A400008F409C18EEC820F843008F404C182EC72
:108A5000820F883008F002C18DE690E09093E00B21
:108A60008093DF0B343008F0FCC02650330B81E0DC
:108A700001C0880F2A95EAF78093E10B8091E80BFB
:108A80009091E90B0197F1F78091E60B9091E70B3C
:108A9000892B21F18091A0059091A105FBE08C3CF0
:108AA0009F07E1F0009711F00E94FE268091EA0BEB
:108AB0008E7F8093EA0B10929F0510929E058CEC9E
:108AC0009BE09093A1058093A005E091DF0BF091CE
:108AD000E00B80819091E10B892B808368EC70E042
:108AE00080E090E00E94DA236EE78CEC9BE00E942D
:108AF0003A266FEF8CEC9BE00E943A2666E08CEC05
:108B00009BE00E943A2669E08CEC9BE00E943A26AA
:108B100060E08CEC9BE00E943A2660E08CEC9BE0ED
:108B20000E943A2662E08CEC9BE00E943A266FEEAF
:108B30008CEC9BE00E943A2668EC70E080E090E0CC
:108B40000E94DA2384E10E9496268CEC9BE00E942E
:108B5000FE268DE00E94273282E08093B000809351
:108B6000B10084E68093B3008093B4001092B20009
:108B70008091CC0C833011F41092CC0C84E0809363
:108B8000700082E69CE30E94D4329E01275F3F4F33
:108B90003F8B2E8BAE014B5F5F4F598F488F80917B
:108BA000190A8823A9F00E940D240091150A10913A
:108BB000160A2091170A3091180A601B710B820B5C
:108BC000930B693C71058105910510F01092190A0B
:108BD00089E99AE00E947724892B11F40C94AF5311
:108BE0000E940D246093150A7093160A8093170A49
:108BF0009093180A89E99AE00E945524E091190A95
:108C00008A3021F08D3011F00C94A153EE2301F342
:108C1000F0E0EB54F64F1082E5EBF9E0CF01219143
:108C20002032E1F3222391F267EA73E00E941A579F
:108C30008C01009759F26EEA73E00E94045C892B64
:108C400029F584EA9DE30E94D432C0CF1092B20C81
:108C50009CCD34E0E1CE8BE690E000CF90E080E068
:108C6000FDCE88E0223309F407CF84E0233309F4F2
:108C700003CF82E0243309F4FFCE82EC820F8830E8
:108C800018F42E53330BF3CE81E0F6CE64EB73E091
:108C9000C8010E94045C892B29F484E09DE30E94B2
:108CA000D43294CF6AEB73E0C8010E94045C892B34
:108CB00029F48FEF9CE30E94D43288CF6FEB73E0EE
:108CC000C8010E94045C892B09F046C067EA73E082
:108CD00090E080E00E941A578C0167EA73E090E010
:108CE00080E00E941A577C01009779F064E474E0F8
:108CF0000E94045C892B49F169EE74E0C7010E946F
:108D0000045CFF24F394892B09F0F12C0115110563
:108D100009F45CCF67EC73E0C8010E94045C892B06
:108D2000B9F06BEC73E0C8010E94045C892B91F0F0
:108D300062ED73E0C8010E94045C892B09F046CF04
:108D40008EE26F2D0E94282141CFFF24F394DECFC5
:108D50008CE2F7CF8DE2F5CF68ED73E0C8010E9499
:108D6000045C892B39F40E943736682F8CE00E940E
:108D700028212CCF6EED73E0C8010E94045C892B82
:108D800049F50E945E366C010E945E367C010E94AD
:108D90005E368C01B6016F3F710519F014F06FEF6C
:108DA00070E077FF02C070E060E08BE00E949221EB
:108DB00061E050E8E516F1040CF460E08AE00E94FE
:108DC000282161E0003811050CF460E089E00E9480
:108DD0002821FCCE69E075E0C8010E94045C892B63
:108DE00049F567EA73E090E080E00E941A578C0131
:108DF0000097A1F064E474E00E94045C892BC1F048
:108E000069EA73E0C8010E94045C892B89F0C801FB
:108E10000E94EA5611E0181619060CF010E061E005
:108E200088E00E945621612F88E00E942821CECE42
:108E300011E0F5CF62EE73E0C8010E94045C892B5B
:108E4000F1F40E945E367C010E945E361E141F04FF
:108E50002CF060E087E00E942821B8CE1816190691
:108E600014F088EC90E08C01990F220B330BA701D2
:108E700067E070E080E090E00E947422A7CE69EE87
:108E800073E0C8010E94045C892B09F07CC067EA8A
:108E900073E090E080E00E941A578C01009709F47B
:108EA00095CE6DEE73E00E94045C892B79F44091BD
:108EB000B50C5091B60C70E060E08091BA0C9091C6
:108EC000BB0C0E94FD5B0E940A2380CE63EF73E01F
:108ED000C8010E94045C892B89F40E945E3697FDCC
:108EE0000BC08F3F910519F014F08FEF90E00E94B6
:108EF000ED1F0E940A236ACE80E0F9CF6AEF73E08B
:108F0000C8010E94045C7C01892B01F50E945E3639
:108F1000182F0E945E36882E0E945E36912CB12C4E
:108F2000A12CBA2CA92C982C8824A12A882AB50116
:108F3000A401C7010E942F208FEFE81AF80A90E1E0
:108F4000E916F104A1F70E940A2340CEC8010E944D
:108F5000EA568C010E945E36E82E0E945E36F82E9C
:108F60000E945E360031110570F74F2D50E070E021
:108F700060E0762F652F542F44276E29482BC801B7
:108F80000E942F20E0CF6EEF73E0C8010E94045CC6
:108F9000892B09F07AC067EA73E090E080E00E94D4
:108FA0001A578C01009709F411CE6DEE73E00E9400
:108FB000045C892B49F419821A821B821C82CE011F
:108FC00001960E94393B02CE63EF73E0C8010E9414
:108FD000045C892BA9F40E945E3697FD0FC088308F
:108FE000910514F087E090E088608093AE0C40E03B
:108FF00070E060E08AE00E94633BE8CD80E0F4CF5F
:1090000062E074E0C8010E94045C892B91F40E9424
:109010005E36BC0197FF04C066277727681B790B73
:1090200097FF05C086EF40E40E94633BCFCD8AE006
:10903000FACF68E074E0C8010E94045C892B91F4C7
:109040008E010F5F1F4F78010E945E36D8018D930D
:109050008D01E88DF98DEA17FB07B1F7C7010E9472
:10906000393BB4CDC8010E94EA56BC0197FF04C049
:1090700066277727681B790B97FF05C086EF40E0CE
:109080000E94633BA3CD8AE0FACF6CE074E0C80194
:109090000E94045C892B09F071C26AE973E090E0D8
:1090A00080E00E941A57009709F490CDFC01CF018F
:1090B00021912032E1F32232B9F48F0162E270E0B3
:1090C000CF010E940D5C009709F480CDDC011C9259
:1090D0000E941C32A80170E060E090E080E00E94F5
:1090E0004B3D0E94663072CD67EA73E00E941A57CA
:1090F0008C01009709F46ACD6DEE73E00E94045C68
:10910000892B29F40E941C320E9466305FCD64E1F5
:1091100074E0C8010E94045C5C01892B09F0BEC0A8
:109120000E945E36582E692E0E945E366C016AE9F6
:1091300073E090E080E00E941A570E948B404C013F
:10914000892B09F443CD7601D7FE03C0B7E0EB0EBF
:10915000F11C63E0F594E7946A95E1F77E2CFF2417
:10916000C7019695982F882797958795FC01E55517
:10917000FA4F20E8DF01322F1D923A95E9F746E0D9
:10918000471530F0855D994FDC011D922A95E9F76E
:10919000052D162DF401EA0DFB1D40814423F9F045
:1091A0004A3039F4B0E1CB0ED11CEFEFAE1ABE0A53
:1091B000EFCF47FD10C0B601C8010E94E63CFFEFAB
:1091C000AF1ABF0A085F1F4F093711051CF330E1C2
:1091D000C30ED11CDDCF23E0A20EB11CF5CFD12CE4
:1091E000C12C470142E0840E911C87010C0D1D1D0E
:1091F000081519050CF0EACC57E0571508F4E6CC31
:109200008CE30E94CE1F70E060E08BEE9BE00E943A
:109210004630672D606B70E08BEE9BE00E9446301D
:1092200070E060E08BEE9BE00E94463060E170E011
:109230008BEE9BE00E9446308BEE9BE00E94B42FA9
:109240001695102F00271795079505551A4F612C75
:109250008CE30E94CE1F60E470E08BEE9BE00E94E6
:109260004630580140E1542ED5016D915D018BEEE1
:109270009BE00E94852F5A945110F6CF8BEE9BE015
:109280000E94B42FB0E16B0E005F1F4FE0E86E123A
:10929000DFCF7394FFEFCF1ADF0AA7CF61E174E04D
:1092A000C8010E94045C892BD9F40E945E368C01AF
:1092B0000E945E367C016AE973E090E080E00E94E3
:1092C0001A570E948B406C01892B39F00E941C3286
:1092D000A601B701C8010E944B3D0E94663076CCC2
:1092E00069E174E0C8010E94045C892B91F40E943A
:1092F0005E368C010E945E367C016AE973E090E084
:1093000080E00E941A570E948B40AC01892B09F71C
:10931000E4CF60E274E0C8010E94045C892B81F410
:109320000E945E368C010E945E367C010E945E3691
:10933000AC01B701C8010E94383C0E94663046CC9F
:1093400066E274E0C8010E94045C892BA1F40E94CB
:109350005E368C010E945E367C010E945E366C0196
:109360000E945E369C01A601B701C8010E945E3CC6
:109370000E9466302BCC6BE274E0C8010E94045C52
:109380004C01892B09F042C00E945E366C010E949C
:109390005E365C010E945E368C010E945E367C0166
:1093A0000E945E360C0D1D1D01501109892B81F0A4
:1093B0008E149F040CF091CFB4016A0D7B1D9B01AC
:1093C000A801C6010E945E3C2FEF821A920AF0CFDC
:1093D0009501A801B501C6010E945E3CEA0CFB1C88
:1093E00031E0E31AF1089701A801B701C6010E9414
:1093F0005E3C9701A601B501C6010E945E3C970143
:10940000A801B501C8010E945E3C67CF60E374E02B
:10941000C8010E94045C6C01892B09F0D7CB0E9423
:109420005E369B8F8A8F0E945E369D8F8C8F0E9446
:109430005E367C010E945E369FA38EA301E010E0A1
:109440000E191F0943E050E05DA34CA3EC14FD048A
:109450000CF443CF8C8C9D8C8C0C9D1CAA8CBB8CEB
:10946000AE0CBF1CAA8DBB8DAE19BF09BF8FAE8FCE
:10947000EC8DFD8DEC19FD09F9A3E8A32C8D3D8D34
:109480002E0D3F1D3BA32AA32A8C3B8C2C0C3D1C8C
:109490006A8C7B8C6C187D084C8C5D8C4E185F0838
:1094A0004EA15FA1452B99F19401A501B401CD0115
:1094B0000E945E3C28A139A1A501B9018E8D9F8D26
:1094C0000E945E3C2AA13BA1A101B901C3010E94F7
:1094D0005E3C9201A101B201C3010E945E3C5FEFBC
:1094E000C51AD50A8CA19DA117FD09C091E0E91A02
:1094F000F108C6018E199F09880F991F0196080F60
:10950000191F8CA19DA102969DA38CA39FCF41E022
:1095100050E0B401C5010E94383C41E050E0B40184
:109520008E8D9F8D0E94383C41E050E068A179A16A
:10953000C5010E94383C41E050E068A179A18E8DC0
:109540009F8D0E94383C41E050E06AA17BA1C1019F
:109550000E94383C41E050E06AA17BA1C3010E9417
:10956000383C41E050E0B201C1010E94383C41E08A
:1095700050E0B201C3010E94383CB1CF67E374E010
:10958000C8010E94045C892B09F0D2C067EA73E02D
:1095900090E080E00E941A578C01009709F416CBE6
:1095A0006DEE73E00E94045C892B29F40E94DA1F9F
:1095B0000E9434310BCB63EF73E0C8010E94045C5E
:1095C000892B71F40E945E3697FD08C080319105A9
:1095D00014F08FE090E00E946131F8CA80E0FBCF88
:1095E0006EE374E0C8010E94045C892B49F40E9478
:1095F0005E36682F63708FE79CE00E946027E6CAA2
:1096000060E274E0C8010E94045C892BB9F40E94F6
:109610005E368C010E945E367C010E945E3621E03F
:1096200030E0892B11F430E020E0A701B8018FE78A
:109630009CE00E9414270E943431C8CA68E074E09C
:10964000C8010E94045C892BF1F5DE0111966D01C1
:109650008D010E945E36F80181938F012E893F892A
:109660002E173F07B1F70E94DA1FF12CE12C27E0FB
:10967000A22EB12C10E000E0D6018C9190E0950173
:10968000201B310B02C0959587952A95E2F780FF44
:1096900008C021E030E0A701B8018FE79CE00E94FC
:1096A00014270F5F1F4F0830110531F7BFEFEB1A7A
:1096B000FB0AEFEFCE1ADE0AF8E0EF16F104D1F65E
:1096C0000E94343183CA62E474E0C8010E94045CE1
:1096D000892B39F467EA73E090E080E00E941A5722
:1096E0008C010E94DA1F0115110559F067E474E03E
:1096F000C8010E94045C892B39F487EF9CE30E9427
:10970000083C0E94343162CA6DE474E0C8010E94D2
:10971000045C892B19F48FEE9CE3F1CF63E574E0D0
:10972000C8010E94045C892B61F787EE9CE3E7CFB8
:1097300069E574E0C8010E94045C892B09F0A5C1A9
:1097400067EA73E090E080E00E941A578C0100976E
:1097500009F43CCA6DE574E00E94045C892B99F51C
:109760000E945E36182F092F6EE78CEC9BE00E945A
:109770003A266FEF8CEC9BE00E943A2666E08CEC78
:109780009BE00E943A2663E08CEC9BE00E943A2624
:1097900060E08CEC9BE00E943A26602F8CEC9BE012
:1097A0000E943A26612F8CEC9BE00E943A266FEED5
:1097B0008CEC9BE00E943A266AE070E080E090E04A
:1097C0000E94DA2303CA62E674E0C8010E94045CC6
:1097D000892B19F40E94DA3BF9C967E674E0C801E5
:1097E0000E94045C892BB1F36DE674E0C8010E940D
:1097F000045C892B79F56EE78CEC9BE00E943A269D
:109800006FEF8CEC9BE00E943A2666E08CEC9BE0CC
:109810000E943A266DE08CEC9BE00E943A2660E0C4
:109820008CEC9BE00E943A2660E08CEC9BE00E946E
:109830003A2660E08CEC9BE00E943A266FEE8CECBE
:109840009BE00E943A2664E170E080E090E00E9494
:10985000DA23BCC964E774E0C8010E94045C892B68
:1098600079F56EE78CEC9BE00E943A266FEF8CEC6A
:109870009BE00E943A2666E08CEC9BE00E943A2630
:1098800061E08CEC9BE00E943A2660E08CEC9BE06F
:109890000E943A2660E08CEC9BE00E943A2660E051
:1098A0008CEC9BE00E943A266FEE8CEC9BE00E94D1
:1098B0003A266AE070E080E090E00E94DA2386C9F0
:1098C00069E774E0C8010E94045C892B79F56EE7B2
:1098D0008CEC9BE00E943A266FEF8CEC9BE00E94A0
:1098E0003A2666E08CEC9BE00E943A2662E08CEC23
:1098F0009BE00E943A2660E08CEC9BE00E943A26B6
:1099000060E08CEC9BE00E943A2660E08CEC9BE0EF
:109910000E943A266FEE8CEC9BE00E943A266AE0A9
:1099200070E080E090E00E94DA2350C96EE774E0B6
:10993000C8010E94045C892B79F56EE78CEC9BE0F2
:109940000E943A266FEF8CEC9BE00E943A2666E07C
:109950008CEC9BE00E943A2661E18CEC9BE00E943B
:109960003A2660E08CEC9BE00E943A2660E08CECAA
:109970009BE00E943A2661E08CEC9BE00E943A2634
:109980006FEE8CEC9BE00E943A266AE070E080E08B
:1099900090E00E94DA231AC963E874E0C8010E94CB
:1099A000045C892B29F40E945E360E9496260EC91B
:1099B00067E874E0C8010E94045C892B79F56EE7C2
:1099C0008CEC9BE00E943A266FEF8CEC9BE00E94AF
:1099D0003A2666E08CEC9BE00E943A2664E08CEC30
:1099E0009BE00E943A2660E08CEC9BE00E943A26C5
:1099F00060E08CEC9BE00E943A2660E08CEC9BE0FF
:109A00000E943A266FEE8CEC9BE00E943A266AE0B8
:109A100070E080E090E00E94DA23D8C86DE874E03E
:109A2000C8010E94045C892B09F0D0C86EE78CEC59
:109A30009BE00E943A266FEF8CEC9BE00E943A2656
:109A400066E08CEC9BE00E943A2665E08CEC9BE0A3
:109A50000E943A2660E08CEC9BE00E943A2660E08F
:109A60008CEC9BE00E943A2660E08CEC9BE00E942C
:109A70003A266FEE8CEC9BE00E943A266AE070E09A
:109A800080E090E00E94DA23A1C865E974E0C80193
:109A90000E94045C892B09F041C167EA73E090E001
:109AA00080E00E941A578C01009709F48FC869E979
:109AB00074E00E94045C892B09F06DC067EA73E0D2
:109AC00090E080E00E941A57009709F461C050E0CE
:109AD00040E070E060E00E94BC55D62E0E945E36E9
:109AE0007C010E945E368C011E141F041CF080E174
:109AF000E82EF12C1016110614F002E010E080910F
:109B0000A9059091AA05009789F02091A8052D112B
:109B10000BC02091A7052E151F0431F42091A60536
:109B20002017110609F452C80E946F5B8CE090E088
:109B30000E94D35AFC011382128284E692E0918340
:109B40008083D482E0860187128618E01387F09321
:109B5000AA05E093A905D092A805E092A705009375
:109B6000A605CF010E94B6318CE08093B8008091A9
:109B7000A9059091AA05DC011B961C9360E00E9448
:109B80004D308091A9059091AA050E94AD311EC863
:109B900090E2D92EA3CFE090A905F090AA05E11498
:109BA000F10409F413C86DEE73E0C8010E94045C6F
:109BB000892B21F4C7010E94AD3108C86EE974E019
:109BC000C8010E94045C892BB9F40E943736E091E9
:109BD000A905F091AA05882341F088E0838760E019
:109BE000CF010E944D300C94E645138660E0CF0112
:109BF0000E944D300C94E64564E174E0C8010E9477
:109C0000045C892B11F00C94E6450E945E366C01D1
:109C10000E945E365C016AE973E090E080E00E9499
:109C20001A57FC01892B11F40C94E6457F01DF01E2
:109C30008D91803251F08232E1F480E0919199234C
:109C400031F09232D9F78F5FF9CFFD01EFCF82303B
:109C500011F00C94E645BFEFEB1AFB0A62E270E0EC
:109C6000C7010E940D5C009711F40C94E645FC01BD
:109C700010828601D7FE02C010E000E06501B7FE49
:109C800002C0D12CC12C4C2D602F8091A905909140
:109C9000AA050E94D43ED7018C91882329F1003176
:109CA00011058CF0CD2811F00C94E64541E060E000
:109CB0008091A9059091AA050E94D43E10E000E091
:109CC000CC24C394D12C8091A9059091AA05DC01E4
:109CD000ED91FC910190F081E02DD7016D917D0116
:109CE00019950F5F1F4FD7CFB2E0CB16D10414F0F8
:109CF0000C94E6450031110514F00C94E645809172
:109D0000A9059091AA05DC01ED91FC910190F081EB
:109D1000E02D60E219950F5F1F4FECCF61EA74E010
:109D2000C8010E94045C892B09F01EC267EA73E037
:109D300090E080E00E941A578C01009711F40C9477
:109D4000E64565EA74E00E94045C892B09F096C040
:109D500081EE9CE30E94FC240E940D244B015C01D7
:109D6000C0900002D0900102E0900202F090030245
:109D700020E030E0A901C701B6010E94955A87FD95
:109D800015C08091A2059091A305A091A405B09162
:109D9000A505A5019401281B390B4A0B5B0BDA01C1
:109DA000C901CC97A105B10508F447C08092A2056E
:109DB0009092A305A092A405B092A50560E089E168
:109DC0000E94282183E090E00197F1F761E089E1AA
:109DD0000E94282183E290E00197F1F760E089E199
:109DE0000E942821E5EAFEE36491E5E0FFE3E491C7
:109DF000F0E0EE0FFF1FEF58F14C8591949108EAC7
:109E000011E620E030E0462F0E945D3A61157105B1
:109E10008105910551F06F5F7F4F8F4F9F4F9F706E
:109E2000611571058105910581F4C0900002D09003
:109E30000102E0900202F090030241E050E0C7010D
:109E4000B6010E947D400C94E6450E94555728E2D9
:109E50003EE74CE05DE30E94B65720E030E040E092
:109E60005FE30E94B6576B017C01C0920002D09262
:109E70000102E0920202F0920302DFCF6AEA74E08C
:109E8000C8010E94045C892B21F50E94883E88232A
:109E900011F40C94E6458BED9CE30E94FC24609148
:109EA0007A0C70917B0C90E080E00E9455572FEA6D
:109EB00030E04FE25BE30E94B65720E030E044E33D
:109EC00052E40E94E75841E050E00E947D400C942B
:109ED000E6456FEA74E0C8010E94045C892BF1F446
:109EE0000E94883E882311F40C94E64585ED9CE39E
:109EF0000E94FC246091780C7091790C90E080E0D5
:109F00000E94555728EC30E048EC5AE30E94B657BF
:109F100041E050E00E947D400C94E64564EB74E023
:109F2000C8010E94045C892B81F50E94E2328EEC0C
:109F30009CE30E94FC246091170C7091180C809196
:109F4000190C90911A0C42E00E94A53F80E20E94F9
:109F5000D53B60911B0C70911C0C80911D0C909155
:109F60001E0C42E00E94A53F80E20E94D53B60911A
:109F70001F0C7091200C8091210C9091220C42E0DA
:109F800050E00E947D400C94E6456AEB74E0C80105
:109F90000E94045C892B81F50E94E23288EC9CE3EC
:109FA0000E94FC246091230C7091240C8091250C5C
:109FB0009091260C42E00E94A53F80E20E94D53B92
:109FC0006091270C7091280C8091290C90912A0C9B
:109FD00042E00E94A53F80E20E94D53B60912B0C9D
:109FE00070912C0C80912D0C90912E0C42E050E041
:109FF0000E947D400C94E6456FEB74E0C8010E941E
:10A00000045C892B59F481EC9CE30E94FC2486E3D8
:10A010000E94A23A0E94753F0C94E64565EC74E0FC
:10A02000C8010E94045C892B59F48BEB9CE30E94CD
:10A03000FC2487E30E94A23A0E94753F0C94E645F7
:10A040006AEC74E0C8010E94045C892B99F486EBE9
:10A050009CE30E94FC2488E30E94A23A0E94473FAE
:10A0600080E20E94D53B89E30E94A23A0E94753F9C
:10A070000C94E6456EEC74E0C8010E94045C892BE8
:10A0800059F48EEA9CE30E94FC248BE30E94A23ADE
:10A090000E94753F0C94E64565ED74E0C8010E948E
:10A0A000045C892B59F489EA9CE30E94FC248AE32E
:10A0B0000E94A23A0E94753F0C94E64569ED74E057
:10A0C000C8010E94045C892B91F482EA9CE30E94FF
:10A0D000FC2488E10E94FF2021E030E0019711F08C
:10A0E00030E020E0C9010E94753F0C94E6456FED19
:10A0F00074E0C8010E94045C892B61F48EE99CE342
:10A100000E94FC2480910E0290910F020E94753FE4
:10A110000C94E64562EE74E0C8010E94045C892B51
:10A1200011F00C94E6450E945E368C01E7E1FE2EAC
:10A13000029711F076E1F72E89E99CE30E94FC2456
:10A14000C8010E94473F80E20E94D53B8F2D0E94AC
:10A15000FF2021E030E0892B11F030E020E0C90140
:10A160000E94753F0C94E64562EF74E0C8010E94BE
:10A17000045C892B81F567EA73E090E080E00E943F
:10A180001A578C01009711F40C94E64566EE74E0C2
:10A190000E94045C892B29F481E08093B0090C941F
:10A1A000E6456BEE74E0C8010E94045C892B29F43B
:10A1B00081E08093AE090C94E64569ED74E0C80136
:10A1C0000E94045C892B11F00C94E64581E0809399
:10A1D000AC090C94E64560EF74E0C8010E94045C91
:10A1E000892B69F567EA73E090E080E00E941A57D6
:10A1F0008C01009711F40C94E64566EE74E00E9421
:10A20000045C892B21F41092B0090C94E6456BEEA6
:10A2100074E0C8010E94045C892B21F41092AE09FD
:10A220000C94E64569ED74E0C8010E94045C892B3A
:10A2300011F00C94E6451092AC090C94E64566EFDB
:10A2400074E0C8010E94045C892B81F40E945E3690
:10A25000182F0E943736082F61E0812F0E94562167
:10A26000602F812F0E9428210C94E64569EF74E04D
:10A27000C8010E94045C892BC9F40E945E36182F25
:10A28000092F60E00E94562185E99CE30E94FC248E
:10A29000812F902F0E94473F80E20E94D53B812F63
:10A2A0000E94FF200E94753F0C94E64560EF73E02A
:10A2B000C8010E94045C892B89F567EA73E090E08D
:10A2C00080E00E941A578C0166E3E62EF12C00977D
:10A2D00059F0DC018C918F7D8134E1F4C801019645
:10A2E0000E94EA56C6967C0181E99CE30E94FC2408
:10A2F0000115110511F408EB13E0C8010E94C732E3
:10A3000080E20E94D53B8E2D0E94A23A0E94753FAA
:10A310000C94E645C8010E94EA56E5CF69E074E076
:10A32000C8010E94045C892BE1F40E945E36182F5C
:10A330000E945E36F82E092F61E0812F0E9456217F
:10A340006F2D702F6F3F710519F014F06FEF70E0F3
:10A3500077FF02C070E060E0812F0E9492210C9490
:10A36000E6456CEF74E0C8010E94045C892B29F576
:10A370000E945E367C010E945E366C010E945E3651
:10A380008C01C701FF0CAA0BBB0B1C141D0484F429
:10A390001016110614F008EC10E0012E000C220B30
:10A3A000330BA601BC01CD010E9474220C94E6453A
:10A3B00060E00E9428210C94E64561E075E0C80148
:10A3C0000E94045C892B09F00EC10E945E368C014C
:10A3D0000E945E367C01853B91051CF054EBE52E16
:10A3E000F12CF7FE02C0F12CE12C20910C023091EF
:10A3F0000D020217130709F473C08091C70B37FDD4
:10A400000CC0282F30E0F901EE0FFF1FE20FF31F01
:10A41000EA5CF44F90819F7B9083803308F05CC0AE
:10A4200061E0802F0E9456218091C70B282F30E0D9
:10A43000F901EE0FFF1FE20FF31FEA5CF44F90816A
:10A44000907C202F2F73922B9083E5EFFFEFF093FA
:10A45000C90BE093C80B2AE832E03093CB0B209372
:10A46000CA0B2CE0622F0E94AB5A829FB0011124CC
:10A4700050E040E0FB01E40FF51F9F01220F331F66
:10A48000E20FF31FEA5CF44F908196FD17C04F5F17
:10A490005F4F4C30510571F7813009F078C0109250
:10A4A000800082E0809381001092850010928400E9
:10A4B000B19A80916F00826080936F00E091C70B2A
:10A4C0008E2F90E0FC01EE0FFF1FE80FF91FEA5CF2
:10A4D000F44F80818064808310930D0200930C02FE
:10A4E0008091CA0B9091CB0B62EEC62E64E0D62E03
:10A4F000C81AD90ACC0CDD1CCC0CDD1C8091C80B11
:10A500009091C90B0DE710E0081B190B000F111FEC
:10A51000000F111F4801012E000CAA08BB0896016C
:10A520000D2C000C440B550B281939094A095B09FD
:10A53000D7010E94D05824EB30E040E050E00E9468
:10A54000A658820E931EA41EB51E94018091C70BBF
:10A55000803310F00C94E645201731072CF086016B
:10A560002C153D050CF4840102501109000F111F38
:10A570002FB7F89490E0FC01EE0FFF1FE80FF91FD2
:10A58000EA5CF44F128301832FBF0C94E6458230BE
:10A5900061F41092900080939100109295001092B7
:10A5A000940088BB8093710089CF833069F4109246
:10A5B000A00082E08093A1001092A5001092A40058
:10A5C00089BB809372007ACF811178CF10922001DD
:10A5D00082E08093210110922501109224018ABB10
:10A5E000809373006BCF67E075E0C8010E94045C44
:10A5F0007C01892B09F098C067EA73E090E080E065
:10A600000E941A578C01009711F40C94E6456FE0F4
:10A6100075E00E94045C892B11F50E945E368C0166
:10A620000E945E36E82E0E945E36F82E0150110917
:10A630000430110510F00C94E645F801E85FFD4F79
:10A64000E0820C5F1D4FD8018C9361E08E2D0E943B
:10A65000562161E08F2D0E9456210C94E645C801D9
:10A660000E94EA5601978430910510F00C94E6455B
:10A67000FC01E85FFD4FC0808C5F9D4FFC01D080E6
:10A68000C7FE02C00C94E645D7FE02C00C94E64516
:10A6900067EA73E090E080E00E941A578C0100970F
:10A6A000F9F062E674E00E94045C892B51F460E0EA
:10A6B0008C2D0E94282160E08D2D0E9428210C9471
:10A6C000E645C8010E94EA567C018F3F910521F0C2
:10A6D0001CF0EE24EA94F12CF7FE02C0F12CE12CE0
:10A6E00067EA73E090E080E00E941A57009789F0D3
:10A6F00063E175E00E94045C892B59F070E060E032
:10A700008C2D0E949221B7018D2D0E9492210C94D4
:10A71000E645B7018C2D0E94922170E060E08D2DFE
:10A720000E9492210C94E64584E89CE30E94FC245C
:10A73000C8010E94C73288E993E00E94C7320C9496
:10A74000E645EF3510F00C94E84591E09E0F9093AC
:10A75000190AF0E0EB54F64F80830C94E8458091A1
:10A76000CC0C833009F085C08091D50C882309F486
:10A7700000C180E48093D60F1092C90F1092C80FC9
:10A780001092CD0F1092CC0F1092CB0F1092CA0FD7
:10A790001092D00F1092D10F1092D20F1092D30FAF
:10A7A0001092D50F1092D40F8091D60F86FD5BC00A
:10A7B0004091D70F5091D80FCA018F7B049709F0B1
:10A7C00052C02091DB0C62E3269F90011124255595
:10A7D0003A412038314108F046C08091DC0C869F18
:10A7E000C00111244430510509F0DEC08D57964058
:10A7F00080369440C0F58091DD0C869FC001112405
:10A80000895B91408831914070F581E08093D60F4B
:10A810008091DD0F9091DE0F9093CB0F8093CA0F44
:10A820008091DF0F9091E00F9093CD0F8093CC0F2C
:10A830008091DB0F9091DC0F9093C90F8093C80F2C
:10A84000E091CC0FE750E83570F4F0E0EE0FFF1F19
:10A85000E459FD4F808191818F3F980721F09093BB
:10A860000F0280930E028091CC0C833011F4109271
:10A87000CC0C0E940D240091B1091091B2092091D5
:10A88000B3093091B409601B710B820B930B6431D7
:10A8900071058105910508F468C00E940D2460933C
:10A8A000B1097093B2098093B3099093B409809170
:10A8B000B0098823D9F086E10E94FF208C01FF2493
:10A8C000F394892B09F0F12C8091AF098F1571F069
:10A8D00087E09EE30E94FC248FEF9DE3012B11F49F
:10A8E00082E09EE30E94D432F092AF098091AE09DB
:10A8F0008823D9F087E10E94FF208C01FF24F39484
:10A90000892B09F0F12C8091AD098F1571F085EF3D
:10A910009DE30E94FC248DEE9DE3012B11F480EF5A
:10A920009DE30E94D432F092AD098091AC09882356
:10A93000E1F088E10E94FF208C01FF24F39401974D
:10A9400009F0F12C8091AB098F1579F082EE9DE32F
:10A950000E94FC248AED9DE30130110511F48DED78
:10A960009DE30E94D432F092AB090E9437250C94EB
:10A97000CF451092D60F8091C80F9091C90F909338
:10A98000DC0F8093DB0F8091CC0F9091CD0F9093D3
:10A99000E00F8093DF0F8091CA0F9091CB0F9093BF
:10A9A000DE0F8093DD0FE8CE8D509D40803C9840B7
:10A9B00008F059CF44E150E066EC7DE3CE0101960A
:10A9C0000E9411572889F22FF071AF2E8885998542
:10A9D00024FD02C08A859B85221F2227221F96956F
:10A9E000879596958795BC01660F771F680F791F2D
:10A9F00035E0389F8001399F100D1124ECECFCE00C
:10AA000030E2C12CD12C7601C39480E090E0DC01CF
:10AA100042E3B42EAA2009F45CC041894B9DA001F9
:10AA20001124445151096417750708F083C00417B5
:10AA3000150708F47FC0211177C08C299D29AE2904
:10AA4000BF29CC0CDD1CEE1CFF1C3150329631119D
:10AA5000E1CF8093D00F9093D10FA093D20FB093FA
:10AA6000D30F3A2F4A2F50E05093CD0F4093CC0F85
:10AA70002B2F8E3E47E8940799F523E030E0309382
:10AA8000C90F2093C80F8B2F90E09093CB0F80932A
:10AA9000CA0F80E290E09093D50F8093D40F8091FD
:10AAA000D90F9091DA0F8A37954028F48091D60F0C
:10AAB00081608093D60F8091D60F80FFC1CE29E0B0
:10AAC00030E03093C90F2093C80F80628093D60F77
:10AAD000B7CE42894B9DA00111244C5E5F4FA3CF9E
:10AAE000492F4095481310C0482F50E05093CB0F8A
:10AAF0004093CA0F209532130CC088E090E09093E9
:10AB0000C90F8093C80FC5CF9093CB0F8093CA0F06
:10AB1000F1CF2AE030E03093C90F2093C80FB093F3
:10AB2000CD0FA093CC0FB5CF880F991FAA1FBB1FC5
:10AB3000816087CF222309F484CF880F991FAA1F31
:10AB4000BB1F7FCF84E593E09093CD0B8093CC0B1C
:10AB50008CEC9BE00E94FE268091BA0C9091BB0C7D
:10AB60000E946F5B8091B70C9091B80C97FD03C069
:10AB700060E00C94562108953F924F925F926F923D
:10AB80007F928F929F92AF92BF92CF92DF92EF927D
:10AB9000FF920F931F93CF93DF935C016B017A01B8
:10ABA0006115710519F0FB0191838083E114F104B3
:10ABB00051F0C7010297839730F040E030E020E089
:10ABC00090E06BC05E01E5012196F5011081812FB7
:10ABD00090E00E940857892BA9F71D3201F52196B4
:10ABE000F501118101E0E114F10409F4E6C0F0E19E
:10ABF000EF16F10409F088C0103359F488818F7D75
:10AC0000883509F07CC0198122960260F0E1EF2EB0
:10AC1000F12C812C912CA12C88E0B82E92C01B32F3
:10AC200021F4E5012296F501118100E0DCCFEAE094
:10AC3000EE16F10409F4C7C0F0E1EF16F10409F0D3
:10AC400073C0E7CF78E0E72EF12C812C912CA12C5A
:10AC500060E1B62E76C021E0ADC0302F3170C11456
:10AC6000D10431F0222371F12197F601D183C08301
:10AC700027FF2EC060E070E080E090E8311104C052
:10AC80006FEF7FEF8FEF9FE722E230E03093E50F29
:10AC90002093E40F462F372F282F642F732F822FF6
:10ACA000DF91CF911F910F91FF90EF90DF90CF90A8
:10ACB000BF90AF909F908F907F906F905F904F90DC
:10ACC0003F90089501FF04C02297F601D183C0830D
:10ACD000332341F090958095709561957F4F8F4F0C
:10ACE0009F4FD8CF97FFD6CF82E290E09093E50FA9
:10ACF0008093E40F6FEF7FEF8FEF9FE7CBCF10E3F1
:10AD0000E114F10409F49ECF28E0E216F10409F4FD
:10AD10009CCF0CF08CCF812C912CA12CE0E4BE2E8A
:10AD200082E0E816F10469F060E070E080E090E80D
:10AD300097010F2C000C440B550B0E9484584901BD
:10AD40005A0120E060E070E0CB0127010F2C000CDD
:10AD500066087708FE0150ED352E310E39E03315C7
:10AD600070F43FEB310F49EC342E3A3138F03FE9C3
:10AD7000310F3A3108F071CF39EA332E310E3E14DB
:10AD80001F040CF06ACF27FD15C086169706A8068B
:10AD9000B90678F0A30192010E947458630D711DE9
:10ADA000811D911D61307105810520E8920708F42D
:10ADB00052CF2FEF21961081CDCF103309F41ECF43
:10ADC0002AE0E22EF12C9CEC892E982CA82C9CE0F9
:10ADD000B92EB7CFFC0188279927E894219120321A
:10ADE000E9F3293010F02E30C8F32B3241F02D3228
:10ADF00039F4689404C00E944557820F911D219137
:10AE000020532A30C0F31EF4909581959F4F0895EA
:10AE100091110C944D57803219F089508550C8F724
:10AE20000895FB01DC0102C005900D924150504095
:10AE3000D8F7089542EE5FE00C941E57FA01A191F5
:10AE4000B081009719F41097E1F0CD01DC01CD013C
:10AE50000D90002011F4C00113C0FB0121912223A9
:10AE600019F02015D9F7F3CFFB012191201519F422
:10AE70001E92119606C02223C1F70D900020A1F763
:10AE8000D001FA01A193B08308957AE0979F902DA5
:10AE9000879F802D910D1124089599278827089563
:10AEA0000E94925708F481E00895E89409C097FB46
:10AEB0003EF490958095709561957F4F8F4F9F4F91
:10AEC0009923A9F0F92F96E9BB279395F6958795D5
:10AED00077956795B795F111F8CFFAF4BB0F11F498
:10AEE00060FF1BC06F5F7F4F8F4F9F4F16C088233F
:10AEF00011F096E911C0772321F09EE8872F762F75
:10AF000005C0662371F096E8862F70E060E02AF0B5
:10AF10009A95660F771F881FDAF7880F96958795A1
:10AF200097F90895990F0008550FAA0BE0E8FEEF76
:10AF300016161706E807F907C0F012161306E407FD
:10AF4000F50798F0621B730B840B950B39F40A26F6
:10AF500061F0232B242B252B21F408950A2609F4D4
:10AF6000A140A6958FEF811D811D08950E94C957AC
:10AF70000C943A580E942C5838F00E94335820F014
:10AF8000952311F00C9423580C94295811240C94F7
:10AF90006E580E944B5870F3959FC1F3950F50E087
:10AFA000551F629FF001729FBB27F00DB11D639F7B
:10AFB000AA27F00DB11DAA1F649F6627B00DA11D21
:10AFC000661F829F2227B00DA11D621F739FB00DC7
:10AFD000A11D621F839FA00D611D221F749F332737
:10AFE000A00D611D231F849F600D211D822F762FD0
:10AFF0006A2F11249F5750409AF0F1F088234AF0AD
:10B00000EE0FFF1FBB1F661F771F881F9150504018
:10B01000A9F79E3F510580F00C9423580C946E586C
:10B020005F3FE4F3983ED4F3869577956795B7959F
:10B03000F795E7959F5FC1F7FE2B880F911D9695B9
:10B04000879597F9089597F99F6780E870E060E029
:10B0500008959FEF80EC089500240A9416161706B1
:10B0600018060906089500240A94121613061406F9
:10B0700005060895092E0394000C11F4882352F05C
:10B08000BB0F40F4BF2B11F460FF04C06F5F7F4F14
:10B090008F4F9F4F089557FD9058440F551F59F0FB
:10B0A0005F3F71F04795880F97FB991F61F09F3FB5
:10B0B00079F087950895121613061406551FF2CFDE
:10B0C0004695F1DF08C0161617061806991FF1CF2E
:10B0D00086957105610508940895E894BB27662755
:10B0E0007727CB0197F90895DB018F939F930E94F7
:10B0F000C558BF91AF91A29F800D911DA39F900D48
:10B10000B29F900D11240895A1E21A2EAA1BBB1B19
:10B11000FD010DC0AA1FBB1FEE1FFF1FA217B30723
:10B12000E407F50720F0A21BB30BE40BF50B661F39
:10B13000771F881F991F1A9469F7609570958095FD
:10B1400090959B01AC01BD01CF010895052E97FBA1
:10B150001EF400940E94BD5857FD07D00E948458E9
:10B1600007FC03D04EF40C94BD5850954095309593
:10B1700021953F4F4F4F5F4F089590958095709563
:10B1800061957F4F8F4F9F4F08950E94D858A59F7C
:10B19000900DB49F900DA49F800D911D11240895D2
:10B1A000B7FF0C94C5580E94C558821B930B089595
:10B1B000A29FB001B39FC001A39F700D811D1124F8
:10B1C000911DB29F700D811D1124911D089550583D
:10B1D000BB27AA270E94FF580C943A580E942C586B
:10B1E00038F00E94335820F039F49F3F19F426F4C8
:10B1F0000C9429580EF4E095E7FB0C942358E92FA2
:10B200000E944B5858F3BA176207730784079507D3
:10B2100020F079F4A6F50C946D580EF4E0950B2E01
:10B22000BA2FA02D0B01B90190010C01CA01A00198
:10B230001124FF27591B99F0593F50F4503E68F1F3
:10B240001A16F040A22F232F342F4427585FF3CF34
:10B25000469537952795A795F0405395C9F77EF405
:10B260001F16BA0B620B730B840BBAF09150A1F04E
:10B27000FF0FBB1F661F771F881FC2F70EC0BA0FD4
:10B28000621F731F841F48F4879577956795B7955C
:10B29000F7959E3F08F0B0CF9395880F08F0992757
:10B2A000EE0F9795879508950E942C5860F080E8DE
:10B2B00091E009F49EEF0E94335828F040E851E0F5
:10B2C00071F45EEF0CC00C9429580C946D58E92F62
:10B2D000E0780E944B5840F3092E052AB1F3261757
:10B2E00037074807590738F00E2E07F8E02569F0B0
:10B2F000E025E0640AC0EF6307F8009407FADB0179
:10B30000B9019D01DC01CA01AD01EF930E94DD5935
:10B310000E943A580E9497595F91552339F02BEDBE
:10B320003FE049E450FD49EC0C94E8580895DF9360
:10B33000DD27B92FBF7740E85FE3161617064807E9
:10B340005B0718F4D92F0E949A5A9F938F937F938B
:10B350006F930E94A25AE4EEF0E00E946E5A0E949F
:10B360003A582F913F914F915F910E94C957DD2329
:10B3700051F09058A2EA2AED3FE049EC5FE3D07823
:10B380005D270E94FF58DF910C943A580E94DA59C9
:10B390000C943A580E94335858F00E942C5840F0B0
:10B3A00029F45F3F29F00C94235851110C946E58E6
:10B3B0000C9429580E944B5868F39923B1F35523F4
:10B3C00091F3951B550BBB27AA27621773078407B8
:10B3D00038F09F5F5F4F220F331F441FAA1FA9F34E
:10B3E00035D00E2E3AF0E0E832D091505040E6953C
:10B3F000001CCAF72BD0FE2F29D0660F771F881F9D
:10B40000BB1F261737074807AB07B0E809F0BB0B8F
:10B41000802DBF01FF2793585F4F3AF09E3F5105A3
:10B4200078F00C9423580C946E585F3FE4F3983EE8
:10B43000D4F3869577956795B795F7959F5FC9F78C
:10B44000880F911D9695879597F90895E1E0660F0D
:10B45000771F881FBB1F621773078407BA0720F086
:10B46000621B730B840BBA0BEE1F88F7E0950895EF
:10B470000E943F5A6894B1110C946E5808950E942E
:10B48000535888F09F5798F0B92F9927B751B0F0CB
:10B49000E1F0660F771F881F991F1AF0BA95C9F758
:10B4A00014C0B13091F00E946D58B1E008950C9431
:10B4B0006D58672F782F8827B85F39F0B93FCCF3E4
:10B4C000869577956795B395D9F73EF490958095D5
:10B4D000709561957F4F8F4F9F4F0895DF93CF9366
:10B4E0001F930F93FF92EF92DF927B018C01689480
:10B4F00006C0DA2EEF010E94C957FE01E894A5911B
:10B500002591359145915591A6F3EF010E94FF5881
:10B51000FE019701A801DA9469F7DF90EF90FF90A0
:10B520000F911F91CF91DF9108950E94925708F4D7
:10B530008FEF08959B01AC0160E070E080E89FE32D
:10B540000C94C6599B01AC010C94B6570E949257BB
:10B55000880B990B0895991B79E004C0991F9617E1
:10B5600008F0961B881F7A95C9F780950895AA1B45
:10B57000BB1B51E107C0AA1FBB1FA617B70710F0DE
:10B58000A61BB70B881F991F5A95A9F78095909510
:10B59000BC01CD010895EE0FFF1F881F8BBF0790E0
:10B5A000F691E02D19940F931F93CF93DF93823080
:10B5B000910510F482E090E0E091E80FF091E90F3E
:10B5C00030E020E0B0E0A0E0309799F4211531059B
:10B5D00009F44AC0281B390B24303105D8F58A817B
:10B5E0009B816115710589F1FB0193838283FE01C3
:10B5F00011C0408151810281138148175907E0F041
:10B600004817590799F4109761F012960C93129706
:10B6100013961C933296CF01DF91CF911F910F911A
:10B6200008950093E80F1093E90FF4CF2115310529
:10B6300051F04217530738F0A901DB019A01BD010F
:10B64000DF01F801C1CFEF01F9CF9093E90F8093AB
:10B65000E80FCDCFFE01E20FF31F819391932250AB
:10B66000310939832883D7CF2091E60F3091E70F36
:10B67000232B41F420911202309113023093E70FF3
:10B680002093E60F2091100230911102211531050F
:10B6900041F42DB73EB74091140250911502241B7E
:10B6A000350BE091E60FF091E70FE217F307A0F4F6
:10B6B0002E1B3F0B2817390778F0AC014E5F5F4F08
:10B6C0002417350748F04E0F5F1F5093E70F409344
:10B6D000E60F819391939FCFF0E0E0E09CCFCF9372
:10B6E000DF930097E9F0FC01329713821282A09158
:10B6F000E80FB091E90FED0130E020E01097A1F4E0
:10B7000020813181820F931F2091E60F3091E70F46
:10B710002817390709F061C0F093E70FE093E60FAF
:10B72000DF91CF910895EA01CE17DF07E8F54A814E
:10B730005B819E0141155105B1F7E901FB83EA8365
:10B7400049915991C40FD51FEC17FD0761F4808111
:10B7500091810296840F951FE901998388838281E4
:10B7600093819B838A83F0E0E0E012968D919C9117
:10B7700013970097B9F52D913C911197CD01029641
:10B78000820F931F2091E60F3091E70F281739079A
:10B7900039F6309751F51092E90F1092E80FB093F7
:10B7A000E70FA093E60FBCCFD383C28340815181C2
:10B7B000840F951FC817D90761F44E5F5F4F8881CA
:10B7C0009981480F591F518340838A819B819383BC
:10B7D00082832115310509F0B0CFF093E90FE09392
:10B7E000E80F9ECFFD01DC01C0CF13821282D7CFBC
:10B7F00081E090E0F8940C94185CDC0101C06D933A
:10B8000041505040E0F70895FB01DC018D9101901B
:10B8100080190110D9F3990B0895FC0181E090E0A3
:10B820000190061609F4CF010020D1F70197089581
:10B830001FE1CAE9DFE100E006C0802FFE010E949F
:10B84000CB5A2196011DCB39D10780E00807A9F713
:04B85000F894FFCF9A
:10B85400000080BFFFFFFFFFFFFFFFFFFFFFFFFFB1
:10B864000000EA0F800000004000140054000000B3
:10B8740002000201020102030002010303010201AA
:10B884000303010100050505050505050506070770
:10B894000706060707070606070500000000000064
:10B8A4000000000103030301020404040201030075
:10B8B40000000000A73119244330F22C1E000400BC
:10B8C4002000FFFFFFFF0100C800FFFFFFFFFFFF95
:10B8D400FFFFFFFFFFFFFFFF1F000000FFFF02004D
:10B8E4006400FFFFFFFF0500FFFFFFFFFFFFFFFFF7
:10B8F400FFFFFFFFFFFFFFFFFFFFFFFFFFFFFFFF54
:10B90400FFFFFFFFFFFFFFFFFFFFFFFFFFFFFFFF43
:10B91400FFFFFFFFFFFFFFFFFFFFFFFFFFFFFFFF33
:10B92400FFFFFFFFFFFFFFFFFFFFFFFFFFFF15000C
:10B93400FFFF0700160014000A000B000C00FFFFB5
:10B94400FFFF0900FFFFFFFFFFFFFFFFFFFFFFFFF8
:10B95400FFFF0800FFFFFFFFFFFFFFFFFFFFFFFFE9
:10B96400FFFF0600FFFFFFFFFFFF03003F065B4FE3
:10B97400666D7D077F6F777C395E7971000000000A
:10B98400AF2419244624172577245524692400005C
:10B994000000852F582F43302E20512F3E2F2F2F5C
:10B9A400000000003A26192443302E20C726DD2645
:10B9B4002226000000000C30DE2FC43000000000FE
:10B9C4009A2919244330F22C14272E203F2C172CAB
:10B9D400332C272C462C2E2060275F27DE2BA52B0B
:10B9E400602B432BCB2A6C2A0D0A006E616E006912
:10B9F4006E66006F766600200068696768004845D7
:10BA04004C4C4F00434150533F0070696E670074C3
:10BA1400726166666963007265640079656C6C6F57
:10BA24007700677265656E006C617365720072679A
:10BA3400620062757A7A6572006E656F00636C6588
:10BA440061720062726967687400616C6C00666E92
:10BA54006400636F6C6F6E00726177006F6C656475
:10BA64000068616E7465787400617070656E64005E
:10BA7400706978656C006C696E650072656374004A
:10BA8400636972636C65006D617472697800726FCA
:10BA9400740069636F6E00686561727400736D6928
:10BAA4006C65006172726F77006D703300706C6149
:10BAB400790073746F7000706175736500726573DB
:10BAC400756D65006E6578740070726576006C6FD4
:10BAD4006F7000766F6C00766F6C757000766F6CAB
:10BAE400646F776E006C636400696E697400626CE5
:10BAF4000067657400646973740074656D70006830
:10BB0400756D6900616363656C006779726F006CC1
:10BB140069676874006B6E6F62006A6F7900736C9A
:10BB240069646572006D696300746F7563680069A8
:10BB3400720062746E0062746E310062746E320060
:10BB4400756E73756200647700647200746F6E655D
:10BB540000736572766F0064636D6F746F72006357
:06BB640066670063770034
:00000001FF
